,distance,name,popularity,rating,latitude,longitude,category
0,37,V-Face,0.963409409009112,,53.35023,-6.279696,Vegan and Vegetarian Restaurant
1,177,Light House Cinema,0.9885458025079266,9.1,53.35023,-6.279696,Indie Movie Theater
2,250,Nutbutter,0.9577251563883573,,53.35023,-6.279696,Poke Restaurant
3,285,JJ's Bar,0.9958582078893998,8.3,53.35023,-6.279696,Cocktail Bar
4,286,Token,0.9740352480790654,8.7,53.35023,-6.279696,Arcade
5,287,The Reserve Bar,0.9896026735982176,7.5,53.35023,-6.279696,Whisky Bar
6,291,Old Jameson Distillery,0.9988860007426662,8.9,53.35023,-6.279696,Tour Provider
7,297,Proper Order Coffee Co.,0.9843468822302837,8.0,53.35023,-6.279696,Café
8,331,Bonobo,0.9938872861264246,8.5,53.35023,-6.279696,Bar
9,362,Wuff,0.96709417578337,8.7,53.35023,-6.279696,Bistro
0,171,Bridge Tavern,0.9730069410722957,,53.357841,-6.251557,Pub
1,210,Savoy Take Away,0.9442143448827445,,53.357841,-6.251557,Fast Food Restaurant
2,222,Wallace's Asti,0.9781484761061441,7.8,53.357841,-6.251557,Wine Bar
3,294,Long Thanh Chinese & Vietnamese Takaway,0.9329029678082779,,53.357841,-6.251557,Asian Restaurant
4,321,Players Lounge,0.9598674626524608,,53.357841,-6.251557,Bar
5,339,El Grito Mexican Taqueria,0.9782627324402297,8.7,53.357841,-6.251557,Mexican Restaurant
6,471,The Five Lamps,0.990231083435688,6.3,53.357841,-6.251557,Bar
7,506,Hill 16 Bar,0.9648376131851809,,53.357841,-6.251557,Pub
8,534,The Ref Pub,0.8966837099031677,,53.357841,-6.251557,Pub
9,537,One Society,0.9738638635779371,7.6,53.357841,-6.251557,Café
0,216,Cumiskeys,0.9732925819075094,,53.356307,-6.273717,Real Estate Service
1,252,The Back Page,0.9669227912822417,8.7,53.356307,-6.273717,Arts and Entertainment
2,404,Clement & Pekoe,0.9435573709617527,,53.356307,-6.273717,Café
3,516,Two Boys Brew,0.9508126481761833,8.1,53.356307,-6.273717,Café
4,531,Wood Fire Cafe,0.9695221228826874,,53.356307,-6.273717,Italian Restaurant
5,546,La Pausa Caffe,0.9768059641806393,9.0,53.356307,-6.273717,Café
6,569,Kings Inn,0.9737496072438516,7.7,53.356307,-6.273717,Bar
7,604,BoCo,0.9606101288240166,9.0,53.356307,-6.273717,Bar
8,621,Kale + Coco,0.9249335885058128,,53.356307,-6.273717,Vegan and Vegetarian Restaurant
9,656,Bonobo,0.9938872861264246,8.5,53.356307,-6.273717,Bar
0,109,Light House Cinema,0.9885458025079266,9.1,53.349562,-6.278198,Indie Movie Theater
1,155,V-Face,0.963409409009112,,53.349562,-6.278198,Vegan and Vegetarian Restaurant
2,166,Nutbutter,0.9577251563883573,,53.349562,-6.278198,Poke Restaurant
3,169,JJ's Bar,0.9958582078893998,8.3,53.349562,-6.278198,Cocktail Bar
4,172,The Reserve Bar,0.9896026735982176,7.5,53.349562,-6.278198,Whisky Bar
5,176,Old Jameson Distillery,0.9988860007426662,8.9,53.349562,-6.278198,Tour Provider
6,239,Proper Order Coffee Co.,0.9843468822302837,8.0,53.349562,-6.278198,Café
7,250,Token,0.9740352480790654,8.7,53.349562,-6.278198,Arcade
8,250,Bonobo,0.9938872861264246,8.5,53.349562,-6.278198,Bar
9,308,Urbanity Coffee,0.9921448770316205,9.3,53.349562,-6.278198,Café
0,67,Dicey's Garden,0.9920591847810563,7.4,53.336021,-6.26298,Night Club
1,167,Keavan's Port (JD Wetherspoon),0.9841183695621126,,53.336021,-6.26298,Pub
2,172,Devitt's Pub,0.9868605215801651,7.8,53.336021,-6.26298,Pub
3,184,Whelan's,0.9790625267788283,8.6,53.336021,-6.26298,Concert Hall
4,202,Against the Grain,0.9810620126253249,8.7,53.336021,-6.26298,Beer Bar
5,221,Meet Me In The Morning,0.9746922220000571,8.4,53.336021,-6.26298,Coffee Shop
6,226,Bunsen,0.9704361735553715,9.0,53.336021,-6.26298,Burger Joint
7,250,The Landmark,0.9778628352709303,7.6,53.336021,-6.26298,Pub
8,330,The Lucky Duck,0.9776343226027593,7.7,53.336021,-6.26298,Pub
9,361,Network,0.9797480647833414,8.7,53.336021,-6.26298,Coffee Shop
0,196,Dutchess Foods,0.3912993801593876,,53.359405,-6.276142,Bakery
1,218,The Back Page,0.9669227912822417,8.7,53.359405,-6.276142,Arts and Entertainment
2,246,Kennedy's,0.897826273244023,,53.359405,-6.276142,Café
3,318,Kung Fu Buffet,0.5638835727955669,,53.359405,-6.276142,Cantonese Restaurant
4,333,McGowan's,0.9494987003341998,6.8,53.359405,-6.276142,Pub
5,342,Two Boys Brew,0.9508126481761833,8.1,53.359405,-6.276142,Café
6,388,McDonald's,0.961010025993316,6.3,53.359405,-6.276142,Burger Joint
7,389,Eddie Rocket's,0.9635807935102402,6.3,53.359405,-6.276142,Burger Joint
8,508,Dublin Bus Stop No. 190,0.8869719215058984,,53.359405,-6.276142,Bus Stop
9,525,Clarkes Bakery,0.9325601988060213,8.3,53.359405,-6.276142,Bakery
0,146,"The Schoolhouse Hotel, Ballsbridge, Dublin 4",0.9590676683138621,8.4,53.33796,-6.24153,Pub
1,177,Starbucks,0.9376731697563484,6.7,53.33796,-6.24153,Coffee Shop
2,192,The Storyteller,0.9394155788511526,,53.33796,-6.24153,Pub
3,215,Third Floor Espresso (3FE),0.9928304150361336,9.0,53.33796,-6.24153,Public and Social Service
4,273,The Gasworks Bar,0.9876317518352423,6.4,53.33796,-6.24153,Bar
5,328,Füdi,0.9140221086006456,6.1,53.33796,-6.24153,Café
6,340,Beggar's Bush,0.9688080207946528,7.2,53.33796,-6.24153,Lounge
7,342,Art Of Coffee,0.9324173783884144,,53.33796,-6.24153,Coffee Shop
8,364,The 51 Bar,0.9633522808420691,7.6,53.33796,-6.24153,Lounge
9,380,Smyths (Haddington Road),0.9305892770430461,7.8,53.33796,-6.24153,Pub
0,215,Beer Temple Dublin,0.9950584135508013,,53.343368,-6.27012,Beer Bar
1,217,Street 66,0.9918021080293639,7.5,53.343368,-6.27012,Gay Bar
2,224,Lundy Foots,0.9750921191693565,6.8,53.343368,-6.27012,Pub
3,247,Tailors' Hall,0.9724927875689109,,53.343368,-6.27012,Beer Garden
4,263,The Porterhouse,0.995943900139964,9.2,53.343368,-6.27012,Pub
5,304,Underdog,0.9991145134108372,,53.343368,-6.27012,Beer Bar
6,340,Bad Bobs Temple Bar,0.9885172384244052,8.3,53.343368,-6.27012,Night Club
7,351,Irish Film Institute (IFI),0.9696649433002942,9.0,53.343368,-6.27012,Indie Movie Theater
8,364,The George,0.994744208632066,8.2,53.343368,-6.27012,Night Club
9,367,Five Guys,0.9836042160587277,7.7,53.343368,-6.27012,Burger Joint
0,152,Meet Me In The Morning,0.9746922220000571,8.4,53.334123,-6.265436,Coffee Shop
1,159,Devitt's Pub,0.9868605215801651,7.8,53.334123,-6.265436,Pub
2,160,Brother Hubbard South,0.9820331914650519,8.9,53.334123,-6.265436,Café
3,192,Odeon,0.9822902682167443,6.6,53.334123,-6.265436,Cocktail Bar
4,212,Keavan's Port (JD Wetherspoon),0.9841183695621126,,53.334123,-6.265436,Pub
5,216,Dicey's Garden,0.9920591847810563,7.4,53.334123,-6.265436,Night Club
6,274,Whelan's,0.9790625267788283,8.6,53.334123,-6.265436,Concert Hall
7,283,Doolally,0.9702076608872005,8.1,53.334123,-6.265436,Indian Restaurant
8,300,Alma.,0.979262475363478,8.7,53.334123,-6.265436,Café
9,322,Against the Grain,0.9810620126253249,8.7,53.334123,-6.265436,Beer Bar
0,97,Bread 41,0.989631237681739,8.2,53.344304,-6.250427,Bakery
1,179,Windjammer Bar The,0.9657802279413865,6.5,53.344304,-6.250427,Lounge
2,245,Kennedy's,0.971607300979748,7.6,53.344304,-6.250427,Lounge
3,277,The Ginger Man,0.9693793024650804,8.0,53.344304,-6.250427,Lounge
4,314,The Gallery Café,0.9814619097946242,8.4,53.344304,-6.250427,Café
5,341,Note,0.9628666914222057,,53.344304,-6.250427,Wine Bar
6,344,Coffeeangel,0.9888314433431403,9.0,53.344304,-6.250427,Coffee Shop
7,384,O'reilly's Bar & Restaurant,0.9894312890970893,7.5,53.344304,-6.250427,Pub
8,441,Shoe Lane Coffee,0.9894598531806107,9.0,53.344304,-6.250427,Café
9,479,KC Peaches,0.9924019537833129,7.0,53.344304,-6.250427,Restaurant
0,125,The Well,0.9883744180067983,6.8,53.338755,-6.262003,Bar
1,160,The Rolling Donut,0.9936302093747322,8.0,53.338755,-6.262003,Bagel Shop
2,206,Harry's on the Green,0.9852038047359251,6.1,53.338755,-6.262003,Cocktail Bar
3,260,Peter's Pub,0.9891456482618756,7.0,53.338755,-6.262003,Pub
4,292,Bruxelles,0.9904881601873804,7.6,53.338755,-6.262003,Lounge
5,293,Bunsen,0.9704361735553715,9.0,53.338755,-6.262003,Burger Joint
6,297,The Hairy Lemon,0.9914307749435859,7.9,53.338755,-6.262003,Lounge
7,299,Bunsen,0.9853180610700105,8.9,53.338755,-6.262003,Burger Joint
8,302,Against the Grain,0.9810620126253249,8.7,53.338755,-6.262003,Beer Bar
9,307,Cafe En Seine,0.9826901653860436,7.8,53.338755,-6.262003,Night Club
0,141,Gerard's,0.969722071467337,7.5,53.347777,-6.244239,Coffee Shop
1,151,SPROUT Kitchen,0.9489845468308149,,53.347777,-6.244239,Salad Restaurant
2,171,Dockers,0.9740923762461081,,53.347777,-6.244239,Cocktail Bar
3,173,Drunken Fish,0.9775771944357166,7.6,53.347777,-6.244239,Bar
4,383,Windjammer Bar The,0.9657802279413865,6.5,53.347777,-6.244239,Lounge
5,390,Harbour Master Bar & Restaurant,0.9718929418149619,5.9,53.347777,-6.244239,Arts and Entertainment
6,421,MV Cill Airne,0.9708646348081922,7.6,53.347777,-6.244239,Bar
7,456,As One,0.9308177897112171,,53.347777,-6.244239,Café
8,499,The Pig & Heifer,0.9860607272415665,7.6,53.347777,-6.244239,Café
9,516,The Brew Dock,0.9963723613927847,8.4,53.347777,-6.244239,Bar
0,197,Toners Pub,0.9709788911422776,8.2,53.336074,-6.252825,Beer Bar
1,264,O'Donoghue's,0.9906309806049873,8.6,53.336074,-6.252825,Pub
2,334,KC Peaches,0.9749492987517495,6.6,53.336074,-6.252825,Coffee Shop
3,439,Viking Splash Tours,0.9872318546659431,8.1,53.336074,-6.252825,Tour Provider
4,551,TANG by Yogism,0.9794052957810848,8.8,53.336074,-6.252825,Café
5,629,37 Dawson Street,0.984518266731412,8.1,53.336074,-6.252825,Bar
6,632,The Gallery Café,0.9814619097946242,8.4,53.336074,-6.252825,Café
7,644,Cafe En Seine,0.9826901653860436,7.8,53.336074,-6.252825,Night Club
8,663,Godfather’s Pizza,0.983175754805907,,53.336074,-6.252825,Pizzeria
9,667,Glovers Alley,0.984375446313805,,53.336074,-6.252825,Restaurant
0,146,31 Lennox,0.9374732211716987,,53.330091,-6.268044,Café
1,199,Lower Deck The,0.9586677711445628,6.3,53.330091,-6.268044,Karaoke Bar
2,238,Grove Road,0.9765774515124682,8.5,53.330091,-6.268044,Café
3,254,J O'Connell,0.9701790968036791,8.5,53.330091,-6.268044,Pub
4,257,Richmond,0.9479562398240452,8.6,53.330091,-6.268044,Restaurant
5,261,The Portobello,0.9605244365734525,6.0,53.330091,-6.268044,Pub
6,269,Alma.,0.979262475363478,8.7,53.330091,-6.268044,Café
7,278,Doolally,0.9702076608872005,8.1,53.330091,-6.268044,Indian Restaurant
8,323,Aoki Sushi,0.9404438858579223,7.8,53.330091,-6.268044,Sushi Restaurant
9,334,Brother Hubbard South,0.9820331914650519,8.9,53.330091,-6.268044,Café
0,147,Kingfisher Restaurant,0.9851466765688823,8.3,53.350929,-6.265125,Diner
1,158,Woolshed Baa & Grill,0.9900596989345597,7.5,53.350929,-6.265125,Sports Bar
2,232,Butlers Chocolate Café,0.9696935073838155,7.4,53.350929,-6.265125,Café
3,251,The Parnell Heritage Pub & Grill,0.9830614984718216,7.5,53.350929,-6.265125,Bar
4,264,Gino's Gelato,0.9940872347110743,8.4,53.350929,-6.265125,Gelato Shop
5,275,Starbucks,0.9820046273815305,7.5,53.350929,-6.265125,Coffee Shop
6,278,The Church,0.9956011311377074,8.5,53.350929,-6.265125,Restaurant
7,294,The Black Sheep,0.9845753948984547,8.7,53.350929,-6.265125,Bar
8,299,Writers Lounge,0.9894884172641321,,53.350929,-6.265125,Lounge
9,301,Madigan's,0.9932017481219115,8.4,53.350929,-6.265125,Pub
0,81,The Ivy Dublin,0.9868890856636865,8.3,53.341515,-6.256853,English Restaurant
1,107,Carluccio's,0.9774343740181096,8.1,53.341515,-6.256853,Italian Restaurant
2,141,KC Peaches,0.9924019537833129,7.0,53.341515,-6.256853,Restaurant
3,145,Costa Coffee,0.9921734411151418,6.6,53.341515,-6.256853,Café
4,152,Cafe En Seine,0.9826901653860436,7.8,53.341515,-6.256853,Night Club
5,176,Kehoe's,0.9832614470564712,8.6,53.341515,-6.256853,Lounge
6,197,Coffeeangel,0.9888314433431403,9.0,53.341515,-6.256853,Coffee Shop
7,214,Bunsen,0.9853180610700105,8.9,53.341515,-6.256853,Burger Joint
8,215,McDonald's,0.9988288725756234,6.7,53.341515,-6.256853,Burger Joint
9,221,Tapped,0.9978576937358965,,53.341515,-6.256853,Beer Bar
0,99,41 Bus Stop,0.9887457510925762,,53.348279,-6.254662,Bus Stop
1,128,Shoe Lane Coffee,0.9894598531806107,9.0,53.348279,-6.254662,Café
2,147,O'reilly's Bar & Restaurant,0.9894312890970893,7.5,53.348279,-6.254662,Pub
3,153,The Silver Penny (JD Wetherspoon),0.9958867719729213,7.6,53.348279,-6.254662,Pub
4,228,Pipers Corner,0.9912879545259791,7.1,53.348279,-6.254662,Pub
5,268,J. R. Mahon's,0.9930589277043046,,53.348279,-6.254662,Pub
6,289,Chaplins Bar,0.987003341997772,6.2,53.348279,-6.254662,Bar
7,295,River Bar,0.9954011825530578,6.7,53.348279,-6.254662,Pub
8,329,Xi'an Street Food,0.9936016452912109,,53.348279,-6.254662,Chinese Restaurant
9,330,McDonald's,0.995344054386015,5.8,53.348279,-6.254662,Burger Joint
0,156,Dubliniamo,,,53.35893,-6.280337,Tour Provider
1,242,Dutchess Foods,0.3912993801593876,,53.35893,-6.280337,Bakery
2,321,Clarkes Bakery,0.9325601988060213,8.3,53.35893,-6.280337,Bakery
3,389,Rainbow,0.7249278756891085,,53.35893,-6.280337,Chinese Restaurant
4,396,Roosters Piri Piri,0.2445942471935788,,53.35893,-6.280337,Restaurant
5,468,Nagoya,0.6501471050301351,,53.35893,-6.280337,Asian Restaurant
6,476,The Back Page,0.9669227912822417,8.7,53.35893,-6.280337,Arts and Entertainment
7,479,Peanut World,0.6328087063326573,,53.35893,-6.280337,Snack Place
8,483,Pizza Max,0.9175640549572966,,53.35893,-6.280337,Pizzeria
9,488,McGowan's,0.9494987003341998,6.8,53.35893,-6.280337,Pub
0,23,Milano,0.9683509954583107,6.8,53.344115,-6.237153,Pizzeria
1,71,The South Strand (JD Wetherspoon),0.9860892913250878,,53.344115,-6.237153,Pub
2,107,Cafe Bar H,0.9328172755577138,5.4,53.344115,-6.237153,Bar
3,117,Mackenzie's,0.9542403381987489,7.4,53.344115,-6.237153,Modern European Restaurant
4,133,The Marker Rooftop Bar,0.8918278157045331,8.4,53.344115,-6.237153,Hotel Bar
5,136,The Brasserie at the Marker Hotel restaurant,0.9454426004741638,,53.344115,-6.237153,Modern European Restaurant
6,144,Charlotte Quay,0.9784626810248793,7.7,53.344115,-6.237153,Restaurant
7,180,Caffè Nero,0.9536976206118427,,53.344115,-6.237153,Coffee Shop
8,184,Nutbutter,0.9587820274786484,,53.344115,-6.237153,Restaurant
9,199,Pause Cafe',0.8851438201605302,6.6,53.344115,-6.237153,Café
0,82,Arthur's Pub,0.9805192950384187,8.6,53.343893,-6.280531,Night Club
1,99,Proof Pizza + Punch,0.9624096660858636,,53.343893,-6.280531,Pizzeria
2,173,Dudley's,0.9849181639007113,,53.343893,-6.280531,Pub
3,240,John's Bar & Haberdashery,0.9483561369933445,,53.343893,-6.280531,Bar
4,243,Container Coffee,0.96792253420549,8.8,53.343893,-6.280531,Café
5,271,The Thomas House,0.967465508869148,7.6,53.343893,-6.280531,Pub
6,275,Lark Inn The,0.9661515610271645,,53.343893,-6.280531,Lounge
7,303,The Brazen Head,0.99917164157788,8.9,53.343893,-6.280531,Bar
8,340,Urbanity Coffee,0.9921448770316205,9.3,53.343893,-6.280531,Café
9,344,Roe & Co Distillery,0.9840612413950698,7.9,53.343893,-6.280531,Distillery
0,180,Fidelity,0.9943443114627667,,53.347477,-6.28525,Beer Bar
1,188,Wuff,0.96709417578337,8.7,53.347477,-6.28525,Bistro
2,220,Fish Shop - Benburb Street,0.9710645833928419,8.6,53.347477,-6.28525,Bar
3,255,PHX Bistro,0.9502128024222343,9.0,53.347477,-6.28525,Wine Bar
4,329,Gaucho’s Dog,0.9181353366277243,,53.347477,-6.28525,Hot Dog Joint
5,331,Token,0.9740352480790654,8.7,53.347477,-6.28525,Arcade
6,368,Pifko Bar,0.9594104373161187,7.7,53.347477,-6.28525,Pub
7,372,"Belfry, The",0.9847182153160616,,53.347477,-6.28525,Cocktail Bar
8,380,Proper Order Coffee Co.,0.9843468822302837,8.0,53.347477,-6.28525,Café
9,389,Power House Bar,0.8973406838241595,,53.347477,-6.28525,Cocktail Bar
0,208,Vengabus,,,53.339005,-6.300217,Arts and Entertainment
1,208,Cakesbymarion,,,53.339005,-6.300217,Bakery
2,216,The Rialto Bridge Cafe,0.9226484618241024,,53.339005,-6.300217,Café
3,255,Carrigans,0.6483761318518095,,53.339005,-6.300217,Lounge
4,263,Latino Italian Restaurant,,,53.339005,-6.300217,Restaurant
5,346,The Circular,0.9706075580564998,,53.339005,-6.300217,Bar
6,346,Rialto House,,,53.339005,-6.300217,Bar
7,348,Daddy’s Café,0.9605815647404953,,53.339005,-6.300217,Diner
8,355,The Other Hand,0.8662915250364192,,53.339005,-6.300217,Pub
9,358,McCauley's Bar & Lounge,0.04236053586220686,,53.339005,-6.300217,Bar
0,54,Pause Cafe',0.8851438201605302,6.6,53.344153,-6.233451,Café
1,128,Mackenzie's,0.9542403381987489,7.4,53.344153,-6.233451,Modern European Restaurant
2,186,Bites By Kwanghi,0.9421291667856837,,53.344153,-6.233451,Restaurant
3,214,BrewDog Outpost Dublin,0.9919734925304922,7.6,53.344153,-6.233451,Beer Bar
4,237,Milano,0.9683509954583107,6.8,53.344153,-6.233451,Pizzeria
5,245,Insomnia,0.901511040018281,,53.344153,-6.233451,Coffee Shop
6,251,Windmill Lane Recording Studios,0.9697506355508584,7.5,53.344153,-6.233451,Recording Studio
7,269,Charlotte Quay,0.9784626810248793,7.7,53.344153,-6.233451,Restaurant
8,288,Herbstreet,0.9535548001942358,8.4,53.344153,-6.233451,Restaurant
9,310,The South Strand (JD Wetherspoon),0.9860892913250878,,53.344153,-6.233451,Pub
0,386,Charlemont Bar & Bistro,0.9908594932731584,6.2,53.334295,-6.258503,Hotel Bar
1,401,Dicey's Garden,0.9920591847810563,7.4,53.334295,-6.258503,Night Club
2,482,Devitt's Pub,0.9868605215801651,7.8,53.334295,-6.258503,Pub
3,496,Brother Hubbard South,0.9820331914650519,8.9,53.334295,-6.258503,Café
4,502,Keavan's Port (JD Wetherspoon),0.9841183695621126,,53.334295,-6.258503,Pub
5,523,Meet Me In The Morning,0.9746922220000571,8.4,53.334295,-6.258503,Coffee Shop
6,525,Viking Splash Tours,0.9872318546659431,8.1,53.334295,-6.258503,Tour Provider
7,531,O'Donoghue's,0.9906309806049873,8.6,53.334295,-6.258503,Pub
8,534,Whelan's,0.9790625267788283,8.6,53.334295,-6.258503,Concert Hall
9,534,One Kinda Folk,0.9684938158759177,8.0,53.334295,-6.258503,Coffee Shop
0,135,Chimac,0.9744065811648434,8.7,53.340803,-6.267732,Fried Chicken Joint
1,221,Five Guys,0.9836042160587277,7.7,53.340803,-6.267732,Burger Joint
2,256,The Hairy Lemon,0.9914307749435859,7.9,53.340803,-6.267732,Lounge
3,290,Peter's Pub,0.9891456482618756,7.0,53.340803,-6.267732,Pub
4,312,Yamamori Noodles,0.9818618069639236,8.1,53.340803,-6.267732,Japanese Restaurant
5,315,Harry's on the Green,0.9852038047359251,6.1,53.340803,-6.267732,Cocktail Bar
6,379,Beer Temple Dublin,0.9950584135508013,,53.340803,-6.267732,Beer Bar
7,380,Grogan's Castle Lounge,0.990459596103859,8.3,53.340803,-6.267732,Lounge
8,381,The George,0.994744208632066,8.2,53.340803,-6.267732,Night Club
9,410,Street 66,0.9918021080293639,7.5,53.340803,-6.267732,Gay Bar
0,257,Xi'an Street Food,0.9936016452912109,,53.351464,-6.255265,Chinese Restaurant
1,270,41 Bus Stop,0.9887457510925762,,53.351464,-6.255265,Bus Stop
2,279,The Silver Penny (JD Wetherspoon),0.9958867719729213,7.6,53.351464,-6.255265,Pub
3,298,One Society,0.9738638635779371,7.6,53.351464,-6.255265,Café
4,313,Pipers Corner,0.9912879545259791,7.1,53.351464,-6.255265,Pub
5,326,The Flowing Tide,0.9932303122054329,8.3,53.351464,-6.255265,Lounge
6,351,The Big Romance,0.9866034448284727,7.5,53.351464,-6.255265,Cocktail Bar
7,357,Big Bus Tours Dublin,0.9971721557313834,,53.351464,-6.255265,Tour Provider
8,357,Writers Lounge,0.9894884172641321,,53.351464,-6.255265,Lounge
9,358,Madigan's,0.9932017481219115,8.4,53.351464,-6.255265,Pub
0,204,Bar Eile,0.8997686309234768,,53.333653,-6.248345,Bar
1,287,Angelina's,0.9421006027021623,7.4,53.333653,-6.248345,Italian Restaurant
2,291,Suesey Street,0.9516695706818247,7.2,53.333653,-6.248345,Wine Bar
3,330,Starbucks,0.9494130080836356,7.7,53.333653,-6.248345,Coffee Shop
4,338,M O'Briens Full Bar And Lounge,0.9701219686366362,8.2,53.333653,-6.248345,Pub
5,355,Smyths (Haddington Road),0.9305892770430461,7.8,53.333653,-6.248345,Pub
6,357,Searson's,0.9847753434831044,8.0,53.333653,-6.248345,Pub
7,376,Starbucks,0.9678939701219686,7.6,53.333653,-6.248345,Coffee Shop
8,391,B Bar,0.9772058613499386,7.7,53.333653,-6.248345,Hotel Bar
9,405,The 51 Bar,0.9633522808420691,7.6,53.333653,-6.248345,Lounge
0,31,The Thomas House,0.967465508869148,7.6,53.343105,-6.277167,Pub
1,215,The Brazen Head,0.99917164157788,8.9,53.343105,-6.277167,Bar
2,217,Proof Pizza + Punch,0.9624096660858636,,53.343105,-6.277167,Pizzeria
3,229,Tailors' Hall,0.9724927875689109,,53.343105,-6.277167,Beer Garden
4,283,Allmyfriends,0.973035505155817,,53.343105,-6.277167,Gay Bar
5,325,Copper + Straw,0.9923448256162701,,53.343105,-6.277167,Coffee Shop
6,432,Urbanity Coffee,0.9921448770316205,9.3,53.343105,-6.277167,Café
7,449,Underdog,0.9991145134108372,,53.343105,-6.277167,Beer Bar
8,518,Proper Order Coffee Co.,0.9843468822302837,8.0,53.343105,-6.277167,Café
9,547,Token,0.9740352480790654,8.7,53.343105,-6.277167,Arcade
0,108,Note,0.9628666914222057,,53.341428,-6.24672,Wine Bar
1,169,Steam,0.9767774000971179,,53.341428,-6.24672,Coffee Shop
2,195,The Ginger Man,0.9693793024650804,8.0,53.341428,-6.24672,Lounge
3,270,Kennedy's,0.971607300979748,7.6,53.341428,-6.24672,Lounge
4,350,Third Floor Espresso (3FE),0.9928304150361336,9.0,53.341428,-6.24672,Public and Social Service
5,385,Cloud Picker,0.9731497614899026,8.0,53.341428,-6.24672,Coffee Shop
6,386,The Gallery Café,0.9814619097946242,8.4,53.341428,-6.24672,Café
7,460,Windjammer Bar The,0.9657802279413865,6.5,53.341428,-6.24672,Lounge
8,489,Coffeeangel,0.9888314433431403,9.0,53.341428,-6.24672,Coffee Shop
9,497,Bread 41,0.989631237681739,8.2,53.341428,-6.24672,Bakery
0,320,Note,0.9628666914222057,,53.338614,-6.248606,Wine Bar
1,364,Steam,0.9767774000971179,,53.338614,-6.248606,Coffee Shop
2,366,The Ginger Man,0.9693793024650804,8.0,53.338614,-6.248606,Lounge
3,370,O'Donoghue's,0.9906309806049873,8.6,53.338614,-6.248606,Pub
4,409,Kennedy's,0.971607300979748,7.6,53.338614,-6.248606,Lounge
5,435,The Gallery Café,0.9814619097946242,8.4,53.338614,-6.248606,Café
6,439,KC Peaches,0.9749492987517495,6.6,53.338614,-6.248606,Coffee Shop
7,451,Third Floor Espresso (3FE),0.9928304150361336,9.0,53.338614,-6.248606,Public and Social Service
8,525,Coffeeangel,0.9888314433431403,9.0,53.338614,-6.248606,Coffee Shop
9,636,Cloud Picker,0.9731497614899026,8.0,53.338614,-6.248606,Coffee Shop
0,59,Basil,0.9067097032191722,6.7,53.341833,-6.231291,Coffee Shop
1,231,Ferrari Takeaway,0.8878288440115399,7.3,53.341833,-6.231291,Fast Food Restaurant
2,236,The Yacht,0.9124510840069696,7.3,53.341833,-6.231291,Bar
3,236,Paint mania,0.12599617241280814,,53.341833,-6.231291,Wine Bar
4,238,The Oarsman,0.9513553657630895,8.3,53.341833,-6.231291,Pub
5,250,John Clarke & Son's.,0.8983118626638864,,53.341833,-6.231291,Pub
6,278,Bus Stop Ringsend Rd / Barrow St,0.9075666257248136,,53.341833,-6.231291,Bus Stop
7,299,Pause Cafe',0.8851438201605302,6.6,53.341833,-6.231291,Café
8,303,Park Lane Cafe,0.9100517009911737,,53.341833,-6.231291,Café
9,303,Dobbins,,,53.341833,-6.231291,French Restaurant
0,38,Dockers,0.9740923762461081,,53.346637,-6.246154,Cocktail Bar
1,98,Gerard's,0.969722071467337,7.5,53.346637,-6.246154,Coffee Shop
2,204,Windjammer Bar The,0.9657802279413865,6.5,53.346637,-6.246154,Lounge
3,319,Drunken Fish,0.9775771944357166,7.6,53.346637,-6.246154,Bar
4,325,As One,0.9308177897112171,,53.346637,-6.246154,Café
5,354,The Pig & Heifer,0.9860607272415665,7.6,53.346637,-6.246154,Café
6,367,Cloud Picker,0.9731497614899026,8.0,53.346637,-6.246154,Coffee Shop
7,391,Offbeat Donut Co,0.9727784284041247,8.0,53.346637,-6.246154,Donut Shop
8,415,Bread 41,0.989631237681739,8.2,53.346637,-6.246154,Bakery
9,498,The Brew Dock,0.9963723613927847,8.4,53.346637,-6.246154,Bar
0,62,Yamamori Noodles,0.9818618069639236,8.1,53.343034,-6.263578,Japanese Restaurant
1,91,The Stag's Head,0.9956296952212288,9.1,53.343034,-6.263578,Beer Bar
2,103,The George,0.994744208632066,8.2,53.343034,-6.263578,Night Club
3,112,Grogan's Castle Lounge,0.990459596103859,8.3,53.343034,-6.263578,Lounge
4,129,Reyna,0.9765203233454255,8.0,53.343034,-6.263578,Turkish Restaurant
5,135,The Bankers,0.988431546173841,7.7,53.343034,-6.263578,Pub
6,137,The Trinity,0.9920306206975349,7.5,53.343034,-6.263578,Pub
7,138,Murphys Ice Cream,0.9951726698848867,9.2,53.343034,-6.263578,Café
8,150,Millstone Restaurant,0.9925733382844412,8.6,53.343034,-6.263578,Restaurant
9,150,Foggy Dew,0.9938015938758605,7.9,53.343034,-6.263578,Pub
0,103,Ryleigh’s,0.9558113627924248,6.3,53.346867,-6.230852,Breakfast Spot
1,117,The Bottle Boy,0.9467565483161473,,53.346867,-6.230852,Pub
2,128,Elephant & Castle,0.9690650975463452,,53.346867,-6.230852,Restaurant
3,193,Bites By Kwanghi,0.9421291667856837,,53.346867,-6.230852,Restaurant
4,195,BrewDog Outpost Dublin,0.9919734925304922,7.6,53.346867,-6.230852,Beer Bar
5,200,Insomnia,0.946585163815019,,53.346867,-6.230852,Coffee Shop
6,205,Shannons Cafe,0.809934588248736,,53.346867,-6.230852,Café
7,217,Camile Thai The Point,0.9633808449255905,,53.346867,-6.230852,Thai Restaurant
8,227,Harrys Bar The O2 Village,0.656145562569625,,53.346867,-6.230852,Bar
9,237,Hemidemisemiquaver Bar,0.9522694164357737,7.3,53.346867,-6.230852,Bar
0,15,Cumiskeys,0.9732925819075094,,53.3547,-6.272314,Real Estate Service
1,369,Kings Inn,0.9737496072438516,7.7,53.3547,-6.272314,Bar
2,386,Clement & Pekoe,0.9435573709617527,,53.3547,-6.272314,Café
3,469,Wood Fire Cafe,0.9695221228826874,,53.3547,-6.272314,Italian Restaurant
4,481,La Pausa Caffe,0.9768059641806393,9.0,53.3547,-6.272314,Café
5,500,Bonobo,0.9938872861264246,8.5,53.3547,-6.272314,Bar
6,531,Mr Fox Restaurant,0.988802879259619,8.2,53.3547,-6.272314,Restaurant
7,595,The Black Sheep,0.9845753948984547,8.7,53.3547,-6.272314,Bar
8,607,KFC,0.9445285498014796,6.2,53.3547,-6.272314,Fast Food Restaurant
9,612,Bar 1661,0.9903453397697735,8.4,53.3547,-6.272314,Cocktail Bar
0,150,Odeon,0.9822902682167443,6.6,53.33403,-6.260714,Cocktail Bar
1,296,Dicey's Garden,0.9920591847810563,7.4,53.33403,-6.260714,Night Club
2,350,Brother Hubbard South,0.9820331914650519,8.9,53.33403,-6.260714,Café
3,357,Devitt's Pub,0.9868605215801651,7.8,53.33403,-6.260714,Pub
4,367,Charlemont Bar & Bistro,0.9908594932731584,6.2,53.33403,-6.260714,Hotel Bar
5,377,Doolally,0.9702076608872005,8.1,53.33403,-6.260714,Indian Restaurant
6,387,Keavan's Port (JD Wetherspoon),0.9841183695621126,,53.33403,-6.260714,Pub
7,393,Meet Me In The Morning,0.9746922220000571,8.4,53.33403,-6.260714,Coffee Shop
8,414,Richmond,0.9479562398240452,8.6,53.33403,-6.260714,Restaurant
9,430,Whelan's,0.9790625267788283,8.6,53.33403,-6.260714,Concert Hall
0,54,SPROUT Kitchen,0.9489845468308149,,53.346026,-6.243576,Salad Restaurant
1,91,Gerard's,0.969722071467337,7.5,53.346026,-6.243576,Coffee Shop
2,145,Dockers,0.9740923762461081,,53.346026,-6.243576,Cocktail Bar
3,332,Windjammer Bar The,0.9657802279413865,6.5,53.346026,-6.243576,Lounge
4,337,The Pig & Heifer,0.9860607272415665,7.6,53.346026,-6.243576,Café
5,372,Drunken Fish,0.9775771944357166,7.6,53.346026,-6.243576,Bar
6,385,MV Cill Airne,0.9708646348081922,7.6,53.346026,-6.243576,Bar
7,404,The South Strand (JD Wetherspoon),0.9860892913250878,,53.346026,-6.243576,Pub
8,463,Nutbutter,0.9587820274786484,,53.346026,-6.243576,Restaurant
9,469,Offbeat Donut Co,0.9727784284041247,8.0,53.346026,-6.243576,Donut Shop
0,29,The Barge,0.9843183181467623,8.1,53.330662,-6.260177,Lounge
1,62,Asahi Asian Street Food,0.9594390013996401,7.9,53.330662,-6.260177,Asian Restaurant
2,65,Charlemont Bar & Bistro,0.9908594932731584,6.2,53.330662,-6.260177,Hotel Bar
3,183,One Kinda Folk,0.9684938158759177,8.0,53.330662,-6.260177,Coffee Shop
4,266,The Portobello,0.9605244365734525,6.0,53.330662,-6.260177,Pub
5,274,J O'Connell,0.9701790968036791,8.5,53.330662,-6.260177,Pub
6,290,Starbucks,0.9714644805621412,7.1,53.330662,-6.260177,Coffee Shop
7,293,Richmond,0.9479562398240452,8.6,53.330662,-6.260177,Restaurant
8,298,Grove Road,0.9765774515124682,8.5,53.330662,-6.260177,Café
9,318,Doolally,0.9702076608872005,8.1,53.330662,-6.260177,Indian Restaurant
0,107,Broyage Bar & Bistro,0.9718358136479192,,53.342113,-6.310015,Hotel Bar
1,122,Cinnamon Restaurant @ Hilton Dublin Kilmainham Hotel,0.9728355565711674,,53.342113,-6.310015,Restaurant
2,130,Brambles Deli Cafe,0.21128852580764945,,53.342113,-6.310015,Café
3,141,Donoghues,0.5354051815247508,,53.342113,-6.310015,Pub
4,151,The Patriots Inn,0.9683224313747893,6.8,53.342113,-6.310015,Karaoke Bar
5,163,The Glen of Aherlow,0.9017681167699735,,53.342113,-6.310015,Pub
6,169,Good Luck Chinese Take Away,0.11682710160244508,,53.342113,-6.310015,Chinese Restaurant
7,170,Dublin Bus Stop No 1945,0.026735982176011884,,53.342113,-6.310015,Bus Stop
8,170,Dublin Bus Stop 2722 - Con Colbert Rd,0.9929446713702191,,53.342113,-6.310015,Bus Stop
9,171,Dublin Bus Stop No 1992,0.8918563797880545,,53.342113,-6.310015,Bus Stop
0,177,La Pausa Caffe,0.9768059641806393,9.0,53.357043,-6.263232,Café
1,188,Wood Fire Cafe,0.9695221228826874,,53.357043,-6.263232,Italian Restaurant
2,339,Koffee + Kale,0.9610385900768373,,53.357043,-6.263232,Coffee Shop
3,440,El Grito Mexican Taqueria,0.9782627324402297,8.7,53.357043,-6.263232,Mexican Restaurant
4,462,Hill 16 Bar,0.9648376131851809,,53.357043,-6.263232,Pub
5,463,147 Deli,0.9768345282641606,9.4,53.357043,-6.263232,Café
6,465,MeMa's,0.9803479105372904,,53.357043,-6.263232,Bar
7,476,Charming Noodles,0.9775200662686737,7.9,53.357043,-6.263232,Chinese Restaurant
8,476,The Big Romance,0.9866034448284727,7.5,53.357043,-6.263232,Cocktail Bar
9,505,Fibber Magees,0.9774058099345883,7.7,53.357043,-6.263232,Night Club
0,57,The Church,0.9956011311377074,8.5,53.348875,-6.267459,Restaurant
1,114,Butlers Chocolate Café,0.9696935073838155,7.4,53.348875,-6.267459,Café
2,116,Slattery's,0.9900882630180811,7.9,53.348875,-6.267459,Pub
3,137,Bullet Duck And Dumplings,0.9676083292867549,,53.348875,-6.267459,Chinese Restaurant
4,139,Woolshed Baa & Grill,0.9900596989345597,7.5,53.348875,-6.267459,Sports Bar
5,141,The Black Sheep,0.9845753948984547,8.7,53.348875,-6.267459,Bar
6,144,McNeills,0.9868319574966438,8.6,53.348875,-6.267459,Pub
7,172,T.P. Smiths,0.9796623725327773,5.8,53.348875,-6.267459,Pub
8,179,Insomnia,0.9916021594447142,6.9,53.348875,-6.267459,Coffee Shop
9,184,The Boars Head,0.984746779399583,6.7,53.348875,-6.267459,Pub
0,128,Underdog,0.9991145134108372,,53.346874,-6.272976,Beer Bar
1,209,Copper + Straw,0.9923448256162701,,53.346874,-6.272976,Coffee Shop
2,291,Bullet Duck And Dumplings,0.9676083292867549,,53.346874,-6.272976,Chinese Restaurant
3,305,Old Jameson Distillery,0.9988860007426662,8.9,53.346874,-6.272976,Tour Provider
4,306,Brother Hubbard,0.9766060155959896,9.1,53.346874,-6.272976,Café
5,306,The Brazen Head,0.99917164157788,8.9,53.346874,-6.272976,Bar
6,307,McNeills,0.9868319574966438,8.6,53.346874,-6.272976,Pub
7,307,The Boars Head,0.984746779399583,6.7,53.346874,-6.272976,Pub
8,309,JJ's Bar,0.9958582078893998,8.3,53.346874,-6.272976,Cocktail Bar
9,311,Slattery's,0.9900882630180811,7.9,53.346874,-6.272976,Pub
0,184,Caffè Nero,0.9047102173726757,6.5,53.347932,-6.240928,Café
1,194,J2 Grill & Sushi,0.9374446570881774,8.0,53.347932,-6.240928,Sushi Restaurant
2,202,Boca Coffee,0.9496700848353281,6.7,53.347932,-6.240928,Coffee Shop
3,217,MV Cill Airne,0.9708646348081922,7.6,53.347932,-6.240928,Bar
4,228,SPROUT Kitchen,0.9489845468308149,,53.347932,-6.240928,Salad Restaurant
5,238,3Fe,0.9804336027878545,,53.347932,-6.240928,Coffee Shop
6,282,Drunken Fish,0.9775771944357166,7.6,53.347932,-6.240928,Bar
7,282,The Diving Bell,0.9819474992144877,6.4,53.347932,-6.240928,Government Building
8,293,Gerard's,0.969722071467337,7.5,53.347932,-6.240928,Coffee Shop
9,317,Insomnia,0.9319889171355937,6.4,53.347932,-6.240928,Café
0,37,Milano,0.9348738895712531,6.3,53.334432,-6.245575,Pizzeria
1,47,Bar Eile,0.8997686309234768,,53.334432,-6.245575,Bar
2,49,The Wellington,0.9533834156931075,6.5,53.334432,-6.245575,Lounge
3,84,Angelina's,0.9421006027021623,7.4,53.334432,-6.245575,Italian Restaurant
4,149,Insomnia,0.973778171327373,5.9,53.334432,-6.245575,Coffee Shop
5,155,Smyths (Haddington Road),0.9305892770430461,7.8,53.334432,-6.245575,Pub
6,195,The Waterloo Bar,0.9730640692393384,7.5,53.334432,-6.245575,Lounge
7,206,The 51 Bar,0.9633522808420691,7.6,53.334432,-6.245575,Lounge
8,217,Searson's,0.9847753434831044,8.0,53.334432,-6.245575,Pub
9,244,Starbucks,0.9494130080836356,7.7,53.334432,-6.245575,Coffee Shop
0,119,Tailors' Hall,0.9724927875689109,,53.343565,-6.275071,Beer Garden
1,126,The Thomas House,0.967465508869148,7.6,53.343565,-6.275071,Pub
2,178,The Brazen Head,0.99917164157788,8.9,53.343565,-6.275071,Bar
3,262,Copper + Straw,0.9923448256162701,,53.343565,-6.275071,Coffee Shop
4,316,Underdog,0.9991145134108372,,53.343565,-6.275071,Beer Bar
5,361,Proof Pizza + Punch,0.9624096660858636,,53.343565,-6.275071,Pizzeria
6,386,Allmyfriends,0.973035505155817,,53.343565,-6.275071,Gay Bar
7,405,Bittersweet,0.9701505327201577,6.4,53.343565,-6.275071,Café
8,414,Queen of Tarts,0.9793196035305207,9.1,53.343565,-6.275071,Bakery
9,449,Urbanity Coffee,0.9921448770316205,9.3,53.343565,-6.275071,Café
0,47,The Big Tree,0.9592676168985118,6.3,53.359624,-6.260348,Pub
1,73,Auld Triangle The,0.972207146733697,,53.359624,-6.260348,Lounge
2,177,Koffee + Kale,0.9610385900768373,,53.359624,-6.260348,Coffee Shop
3,246,Le Petit Breton,0.9680367905395756,8.0,53.359624,-6.260348,Creperie
4,320,The Temple Kavanaghs Pub,0.9639235625124968,,53.359624,-6.260348,Pub
5,350,El Grito Mexican Taqueria,0.9782627324402297,8.7,53.359624,-6.260348,Mexican Restaurant
6,407,Savoy Take Away,0.9442143448827445,,53.359624,-6.260348,Fast Food Restaurant
7,433,Shouk,0.9710074552257991,8.6,53.359624,-6.260348,Restaurant
8,512,La Pausa Caffe,0.9768059641806393,9.0,53.359624,-6.260348,Café
9,519,Wood Fire Cafe,0.9695221228826874,,53.359624,-6.260348,Italian Restaurant
0,284,Wood Fire Cafe,0.9695221228826874,,53.354929,-6.269425,Italian Restaurant
1,295,La Pausa Caffe,0.9768059641806393,9.0,53.354929,-6.269425,Café
2,327,Kings Inn,0.9737496072438516,7.7,53.354929,-6.269425,Bar
3,546,Kingfisher Restaurant,0.9851466765688823,8.3,53.354929,-6.269425,Diner
4,549,McDonald's,0.9872032905824216,6.4,53.354929,-6.269425,Burger Joint
5,557,Woolshed Baa & Grill,0.9900596989345597,7.5,53.354929,-6.269425,Sports Bar
6,567,The Parnell Heritage Pub & Grill,0.9830614984718216,7.5,53.354929,-6.269425,Bar
7,580,The Black Sheep,0.9845753948984547,8.7,53.354929,-6.269425,Bar
8,589,Sabor Nordestino,0.9875746236681996,7.3,53.354929,-6.269425,Brazilian Restaurant
9,609,Murray's Bar & Grill,0.9974292324830758,8.1,53.354929,-6.269425,Pub
0,273,41 Bus Stop,0.9887457510925762,,53.350974,-6.25294,Bus Stop
1,320,The Silver Penny (JD Wetherspoon),0.9958867719729213,7.6,53.350974,-6.25294,Pub
2,378,Xi'an Street Food,0.9936016452912109,,53.350974,-6.25294,Chinese Restaurant
3,386,Pipers Corner,0.9912879545259791,7.1,53.350974,-6.25294,Pub
4,387,The Flowing Tide,0.9932303122054329,8.3,53.350974,-6.25294,Lounge
5,417,One Society,0.9738638635779371,7.6,53.350974,-6.25294,Café
6,448,Shoe Lane Coffee,0.9894598531806107,9.0,53.350974,-6.25294,Café
7,448,O'reilly's Bar & Restaurant,0.9894312890970893,7.5,53.350974,-6.25294,Pub
8,475,"Lanigans Pub, Eden Quay",0.9777485789368449,8.3,53.350974,-6.25294,Pub
9,479,Starbucks,0.9922305692821846,7.0,53.350974,-6.25294,Coffee Shop
0,288,The Well,0.9883744180067983,6.8,53.337132,-6.26059,Bar
1,327,Against the Grain,0.9810620126253249,8.7,53.337132,-6.26059,Beer Bar
2,329,The Rolling Donut,0.9936302093747322,8.0,53.337132,-6.26059,Bagel Shop
3,337,Bunsen,0.9704361735553715,9.0,53.337132,-6.26059,Burger Joint
4,347,Keavan's Port (JD Wetherspoon),0.9841183695621126,,53.337132,-6.26059,Pub
5,367,Devitt's Pub,0.9868605215801651,7.8,53.337132,-6.26059,Pub
6,397,KC Peaches,0.9749492987517495,6.6,53.337132,-6.26059,Coffee Shop
7,408,Harry's on the Green,0.9852038047359251,6.1,53.337132,-6.26059,Cocktail Bar
8,415,Cafe En Seine,0.9826901653860436,7.8,53.337132,-6.26059,Night Club
9,446,O'Donoghue's,0.9906309806049873,8.6,53.337132,-6.26059,Pub
0,102,The Storyteller,0.9394155788511526,,53.339218,-6.240642,Pub
1,122,Third Floor Espresso (3FE),0.9928304150361336,9.0,53.339218,-6.240642,Public and Social Service
2,219,"The Schoolhouse Hotel, Ballsbridge, Dublin 4",0.9590676683138621,8.4,53.339218,-6.240642,Pub
3,247,The Gasworks Bar,0.9876317518352423,6.4,53.339218,-6.240642,Bar
4,271,Art Of Coffee,0.9324173783884144,,53.339218,-6.240642,Coffee Shop
5,326,Starbucks,0.9376731697563484,6.7,53.339218,-6.240642,Coffee Shop
6,341,YOI Ramen,0.9781199120226227,,53.339218,-6.240642,Japanese Restaurant
7,349,Füdi,0.9140221086006456,6.1,53.339218,-6.240642,Café
8,351,The Art of Coffee,0.9530120826073295,8.1,53.339218,-6.240642,Café
9,355,Musashi,0.9100231369076524,8.0,53.339218,-6.240642,Japanese Restaurant
0,145,Elephant & Castle,0.9690650975463452,,53.347122,-6.234749,Restaurant
1,146,The Bottle Boy,0.9467565483161473,,53.347122,-6.234749,Pub
2,160,Ryleigh’s,0.9558113627924248,6.3,53.347122,-6.234749,Breakfast Spot
3,216,MV Cill Airne,0.9708646348081922,7.6,53.347122,-6.234749,Bar
4,261,The Diving Bell,0.9819474992144877,6.4,53.347122,-6.234749,Government Building
5,297,Boca Coffee,0.9496700848353281,6.7,53.347122,-6.234749,Coffee Shop
6,319,Sevinc'in Mutfağı,0.16164414864749063,,53.347122,-6.234749,Turkish Restaurant
7,323,Bites By Kwanghi,0.9421291667856837,,53.347122,-6.234749,Restaurant
8,341,Mackenzie's,0.9542403381987489,7.4,53.347122,-6.234749,Modern European Restaurant
9,346,Milano,0.9683509954583107,6.8,53.347122,-6.234749,Pizzeria
0,324,Dublin Bus Stop No. 190,0.8869719215058984,,53.355173,-6.278424,Bus Stop
1,338,McGowan's,0.9494987003341998,6.8,53.355173,-6.278424,Pub
2,365,Kale + Coco,0.9249335885058128,,53.355173,-6.278424,Vegan and Vegetarian Restaurant
3,420,Cumiskeys,0.9732925819075094,,53.355173,-6.278424,Real Estate Service
4,483,Kerala Kitchen,0.9853751892370534,,53.355173,-6.278424,Indian Restaurant
5,493,Ramen Co,0.9547830557856551,,53.355173,-6.278424,Ramen Restaurant
6,505,The Little Cactus,0.9357879402439373,,53.355173,-6.278424,Café
7,512,The Back Page,0.9669227912822417,8.7,53.355173,-6.278424,Arts and Entertainment
8,521,Slice,0.9616669999143077,8.4,53.355173,-6.278424,Restaurant
9,521,V-Face,0.963409409009112,,53.355173,-6.278424,Vegan and Vegetarian Restaurant
0,81,Bonobo,0.9938872861264246,8.5,53.350291,-6.273507,Bar
1,301,The Black Sheep,0.9845753948984547,8.7,53.350291,-6.273507,Bar
2,333,JJ's Bar,0.9958582078893998,8.3,53.350291,-6.273507,Cocktail Bar
3,337,Old Jameson Distillery,0.9988860007426662,8.9,53.350291,-6.273507,Tour Provider
4,349,Bullet Duck And Dumplings,0.9676083292867549,,53.350291,-6.273507,Chinese Restaurant
5,377,Slattery's,0.9900882630180811,7.9,53.350291,-6.273507,Pub
6,421,V-Face,0.963409409009112,,53.350291,-6.273507,Vegan and Vegetarian Restaurant
7,426,Woolshed Baa & Grill,0.9900596989345597,7.5,53.350291,-6.273507,Sports Bar
8,430,McNeills,0.9868319574966438,8.6,53.350291,-6.273507,Pub
9,473,The Boars Head,0.984746779399583,6.7,53.350291,-6.273507,Pub
0,59,The Five Lamps,0.990231083435688,6.3,53.354845,-6.247579,Bar
1,254,Lloyds,0.9501556742551915,,53.354845,-6.247579,Pub
2,292,Bridge Tavern,0.9730069410722957,,53.354845,-6.247579,Pub
3,381,Cloud Cafe,0.9649233054357451,7.5,53.354845,-6.247579,Café
4,429,Graingers,0.9804621668713759,6.5,53.354845,-6.247579,Pub
5,461,"Laine, My Love.",0.9575823359707504,8.6,53.354845,-6.247579,Café
6,492,IL Capo Italian Pizza & Pasta,0.9680939187066183,8.6,53.354845,-6.247579,Pizzeria
7,573,Harbour Master Bar & Restaurant,0.9718929418149619,5.9,53.354845,-6.247579,Arts and Entertainment
8,578,The Brew Dock,0.9963723613927847,8.4,53.354845,-6.247579,Bar
9,601,Savoy Take Away,0.9442143448827445,,53.354845,-6.247579,Fast Food Restaurant
0,144,Angelina's,0.9421006027021623,7.4,53.335742,-6.24551,Italian Restaurant
1,188,Smyths (Haddington Road),0.9305892770430461,7.8,53.335742,-6.24551,Pub
2,190,Bar Eile,0.8997686309234768,,53.335742,-6.24551,Bar
3,228,The 51 Bar,0.9633522808420691,7.6,53.335742,-6.24551,Lounge
4,310,The Waterloo Bar,0.9730640692393384,7.5,53.335742,-6.24551,Lounge
5,326,Searson's,0.9847753434831044,8.0,53.335742,-6.24551,Pub
6,376,Starbucks,0.9494130080836356,7.7,53.335742,-6.24551,Coffee Shop
7,401,Füdi,0.9140221086006456,6.1,53.335742,-6.24551,Café
8,431,"The Schoolhouse Hotel, Ballsbridge, Dublin 4",0.9590676683138621,8.4,53.335742,-6.24551,Pub
9,461,FXB Steak & Seafood,0.9526407495215516,8.1,53.335742,-6.24551,Seafood Restaurant
0,162,Pause Cafe',0.8851438201605302,6.6,53.343653,-6.231755,Café
1,169,Bites By Kwanghi,0.9421291667856837,,53.343653,-6.231755,Restaurant
2,178,BrewDog Outpost Dublin,0.9919734925304922,7.6,53.343653,-6.231755,Beer Bar
3,244,Mackenzie's,0.9542403381987489,7.4,53.343653,-6.231755,Modern European Restaurant
4,265,Windmill Lane Recording Studios,0.9697506355508584,7.5,53.343653,-6.231755,Recording Studio
5,319,The Yacht,0.9124510840069696,7.3,53.343653,-6.231755,Bar
6,330,Ferrari Takeaway,0.8878288440115399,7.3,53.343653,-6.231755,Fast Food Restaurant
7,349,The Oarsman,0.9513553657630895,8.3,53.343653,-6.231755,Pub
8,350,Charlotte Quay,0.9784626810248793,7.7,53.343653,-6.231755,Restaurant
9,357,Milano,0.9683509954583107,6.8,53.343653,-6.231755,Pizzeria
0,273,Windjammer Bar The,0.9657802279413865,6.5,53.347884,-6.248048,Lounge
1,311,The Brew Dock,0.9963723613927847,8.4,53.347884,-6.248048,Bar
2,411,O'reilly's Bar & Restaurant,0.9894312890970893,7.5,53.347884,-6.248048,Pub
3,415,Bread 41,0.989631237681739,8.2,53.347884,-6.248048,Bakery
4,422,Cloud Picker,0.9731497614899026,8.0,53.347884,-6.248048,Coffee Shop
5,473,Shoe Lane Coffee,0.9894598531806107,9.0,53.347884,-6.248048,Café
6,508,41 Bus Stop,0.9887457510925762,,53.347884,-6.248048,Bus Stop
7,579,The Silver Penny (JD Wetherspoon),0.9958867719729213,7.6,53.347884,-6.248048,Pub
8,632,Chaplins Bar,0.987003341997772,6.2,53.347884,-6.248048,Bar
9,641,"Lanigans Pub, Eden Quay",0.9777485789368449,8.3,53.347884,-6.248048,Pub
0,17,The Ivy Dublin,0.9868890856636865,8.3,53.341288,-6.258117,English Restaurant
1,63,Carluccio's,0.9774343740181096,8.1,53.341288,-6.258117,Italian Restaurant
2,76,Cafe En Seine,0.9826901653860436,7.8,53.341288,-6.258117,Night Club
3,89,Kehoe's,0.9832614470564712,8.6,53.341288,-6.258117,Lounge
4,127,Bunsen,0.9853180610700105,8.9,53.341288,-6.258117,Burger Joint
5,150,Bewley's Café & Tea Room,0.995486874803622,8.5,53.341288,-6.258117,Café
6,159,Costa Coffee,0.9921734411151418,6.6,53.341288,-6.258117,Café
7,176,KC Peaches,0.9924019537833129,7.0,53.341288,-6.258117,Restaurant
8,176,McDonald's,0.9988288725756234,6.7,53.341288,-6.258117,Burger Joint
9,186,Bruxelles,0.9904881601873804,7.6,53.341288,-6.258117,Lounge
0,136,O'reilly's Bar & Restaurant,0.9894312890970893,7.5,53.347508,-6.252192,Pub
1,195,Shoe Lane Coffee,0.9894598531806107,9.0,53.347508,-6.252192,Café
2,275,41 Bus Stop,0.9887457510925762,,53.347508,-6.252192,Bus Stop
3,301,Bread 41,0.989631237681739,8.2,53.347508,-6.252192,Bakery
4,337,The Silver Penny (JD Wetherspoon),0.9958867719729213,7.6,53.347508,-6.252192,Pub
5,361,Chaplins Bar,0.987003341997772,6.2,53.347508,-6.252192,Bar
6,396,J. R. Mahon's,0.9930589277043046,,53.347508,-6.252192,Pub
7,403,Doyles Pub,0.9905452883544231,7.4,53.347508,-6.252192,Pub
8,413,Pipers Corner,0.9912879545259791,7.1,53.347508,-6.252192,Pub
9,423,River Bar,0.9954011825530578,6.7,53.347508,-6.252192,Pub
0,99,Old Royal Oak,0.9652375103544802,8.2,53.341805,-6.305085,Bar
1,122,Lady's Lane,0.6735982176011883,,53.341805,-6.305085,Beer Garden
2,182,The Patriots Inn,0.9683224313747893,6.8,53.341805,-6.305085,Karaoke Bar
3,193,Urban8,0.9848610357336685,,53.341805,-6.305085,Pub
4,193,Carrigans,0.6483761318518095,,53.341805,-6.305085,Lounge
5,204,Brambles Deli Cafe,0.21128852580764945,,53.341805,-6.305085,Café
6,216,Cinnamon Restaurant @ Hilton Dublin Kilmainham Hotel,0.9728355565711674,,53.341805,-6.305085,Restaurant
7,227,Broyage Bar & Bistro,0.9718358136479192,,53.341805,-6.305085,Hotel Bar
8,248,Savage Street Food / The Flying Dog,0.9523551086863378,,53.341805,-6.305085,Food Truck
9,284,Broyage Bar & Bistro,,,53.341805,-6.305085,Restaurant
0,33,Mount Brown Bus Stop,0.3967836841954926,,53.341645,-6.29719,Bus Stop
1,59,Runcible Spoon Theatre Company,,,53.341645,-6.29719,Music Venue
2,98,Murrays Pub and Lounge,,,53.341645,-6.29719,Arts and Entertainment
3,99,Cooper’s Corner,0.9662372532777286,,53.341645,-6.29719,Pub
4,198,Kennys (James's St.),,,53.341645,-6.29719,Bar
5,315,Subway,0.32894398583221457,5.5,53.341645,-6.29719,Deli
6,358,Insomnia,0.9428718329572395,,53.341645,-6.29719,Coffee Shop
7,395,Carrigans,0.6483761318518095,,53.341645,-6.29719,Lounge
8,399,Savage Street Food / The Flying Dog,0.9523551086863378,,53.341645,-6.29719,Food Truck
9,425,Old Royal Oak,0.9652375103544802,8.2,53.341645,-6.29719,Bar
0,38,Harkins Bar,0.9698077637179011,7.4,53.342296,-6.287661,Bar
1,72,"Gravity Bar, Guinness Factory",0.9993715901625296,8.7,53.342296,-6.287661,Bar
2,72,Cooperage Cafe,0.967694021537319,6.7,53.342296,-6.287661,Café
3,76,Guinness Storehouse,0.9999428718329573,9.0,53.342296,-6.287661,Brewery
4,78,Connoisseur Bar,0.994515695963895,8.4,53.342296,-6.287661,Bar
5,84,1837 Bar & Brasserie,0.9959153360564427,7.6,53.342296,-6.287661,Restaurant
6,118,Open Gate Brewery,0.9618098203319146,8.5,53.342296,-6.287661,Brewery
7,119,The Old Harbour,0.8861435630837785,,53.342296,-6.287661,Pub
8,125,Groundstate Coffee,0.9783769887743152,8.2,53.342296,-6.287661,Café
9,169,St. James’s Gate Brewery,0.9759204775914765,,53.342296,-6.287661,Brewery
0,122,The Landmark,0.9778628352709303,7.6,53.337757,-6.267699,Pub
1,131,The Lucky Duck,0.9776343226027593,7.7,53.337757,-6.267699,Pub
2,145,Bunsen,0.9704361735553715,9.0,53.337757,-6.267699,Burger Joint
3,165,Against the Grain,0.9810620126253249,8.7,53.337757,-6.267699,Beer Bar
4,240,Keavan's Port (JD Wetherspoon),0.9841183695621126,,53.337757,-6.267699,Pub
5,278,Meet Me In The Morning,0.9746922220000571,8.4,53.337757,-6.267699,Coffee Shop
6,286,Devitt's Pub,0.9868605215801651,7.8,53.337757,-6.267699,Pub
7,325,Dicey's Garden,0.9920591847810563,7.4,53.337757,-6.267699,Night Club
8,390,Chimac,0.9744065811648434,8.7,53.337757,-6.267699,Fried Chicken Joint
9,417,Kavanagh's,0.9573538233025793,,53.337757,-6.267699,Pub
0,154,The Temple Kavanaghs Pub,0.9639235625124968,,53.358115,-6.265601,Pub
1,168,Wasabi Bar & Grill,0.9675226370361907,,53.358115,-6.265601,Brazilian Restaurant
2,199,Clement & Pekoe,0.9435573709617527,,53.358115,-6.265601,Café
3,212,Wood Fire Cafe,0.9695221228826874,,53.358115,-6.265601,Italian Restaurant
4,215,La Pausa Caffe,0.9768059641806393,9.0,53.358115,-6.265601,Café
5,282,Koffee + Kale,0.9610385900768373,,53.358115,-6.265601,Coffee Shop
6,313,Auld Triangle The,0.972207146733697,,53.358115,-6.265601,Lounge
7,366,The Big Tree,0.9592676168985118,6.3,53.358115,-6.265601,Pub
8,386,Botanicals,0.9511554171784399,,53.358115,-6.265601,Restaurant
9,403,Koffee + Kale,0.9455854208917707,6.5,53.358115,-6.265601,Coffee Shop
0,16,il Valentino,0.9883172898397555,8.3,53.342638,-6.238695,Bakery
1,27,Caffè Nero,0.9536976206118427,,53.342638,-6.238695,Coffee Shop
2,33,Nutbutter,0.9587820274786484,,53.342638,-6.238695,Restaurant
3,50,The Art of Coffee,0.9530120826073295,8.1,53.342638,-6.238695,Café
4,114,Cafe Bar H,0.9328172755577138,5.4,53.342638,-6.238695,Bar
5,123,Charlotte Quay,0.9784626810248793,7.7,53.342638,-6.238695,Restaurant
6,198,The South Strand (JD Wetherspoon),0.9860892913250878,,53.342638,-6.238695,Pub
7,216,Milano,0.9683509954583107,6.8,53.342638,-6.238695,Pizzeria
8,268,YOI Ramen,0.9781199120226227,,53.342638,-6.238695,Japanese Restaurant
9,271,Mackenzie's,0.9542403381987489,7.4,53.342638,-6.238695,Modern European Restaurant
0,226,Art Of Coffee,0.9324173783884144,,53.339434,-6.246548,Coffee Shop
1,258,Note,0.9628666914222057,,53.339434,-6.246548,Wine Bar
2,296,Third Floor Espresso (3FE),0.9928304150361336,9.0,53.339434,-6.246548,Public and Social Service
3,322,Steam,0.9767774000971179,,53.339434,-6.246548,Coffee Shop
4,336,The Ginger Man,0.9693793024650804,8.0,53.339434,-6.246548,Lounge
5,392,Wabler & Wren,0.9610957182438802,,53.339434,-6.246548,Café
6,401,Kennedy's,0.971607300979748,7.6,53.339434,-6.246548,Lounge
7,427,Toners Pub,0.9709788911422776,8.2,53.339434,-6.246548,Beer Bar
8,433,Il Caffe di Napoli,0.962581050586992,7.5,53.339434,-6.246548,Coffee Shop
9,446,The Pig & Heifer,0.9860607272415665,7.6,53.339434,-6.246548,Café
0,173,Harry's on the Green,0.9852038047359251,6.1,53.339334,-6.264699,Cocktail Bar
1,200,Peter's Pub,0.9891456482618756,7.0,53.339334,-6.264699,Pub
2,204,Chimac,0.9744065811648434,8.7,53.339334,-6.264699,Fried Chicken Joint
3,211,The Hairy Lemon,0.9914307749435859,7.9,53.339334,-6.264699,Lounge
4,238,Bunsen,0.9704361735553715,9.0,53.339334,-6.264699,Burger Joint
5,247,The Well,0.9883744180067983,6.8,53.339334,-6.264699,Bar
6,262,Against the Grain,0.9810620126253249,8.7,53.339334,-6.264699,Beer Bar
7,298,Five Guys,0.9836042160587277,7.7,53.339334,-6.264699,Burger Joint
8,332,Bruxelles,0.9904881601873804,7.6,53.339334,-6.264699,Lounge
9,353,Grogan's Castle Lounge,0.990459596103859,8.3,53.339334,-6.264699,Lounge
0,239,Against the Grain,0.9810620126253249,8.7,53.337494,-6.26199,Beer Bar
1,245,Bunsen,0.9704361735553715,9.0,53.337494,-6.26199,Burger Joint
2,255,The Well,0.9883744180067983,6.8,53.337494,-6.26199,Bar
3,283,Keavan's Port (JD Wetherspoon),0.9841183695621126,,53.337494,-6.26199,Pub
4,294,The Rolling Donut,0.9936302093747322,8.0,53.337494,-6.26199,Bagel Shop
5,314,Devitt's Pub,0.9868605215801651,7.8,53.337494,-6.26199,Pub
6,342,Harry's on the Green,0.9852038047359251,6.1,53.337494,-6.26199,Cocktail Bar
7,395,Peter's Pub,0.9891456482618756,7.0,53.337494,-6.26199,Pub
8,417,Cafe En Seine,0.9826901653860436,7.8,53.337494,-6.26199,Night Club
9,428,The Hairy Lemon,0.9914307749435859,7.9,53.337494,-6.26199,Lounge
0,266,147 Deli,0.9768345282641606,9.4,53.35561,-6.261397,Café
1,274,MeMa's,0.9803479105372904,,53.35561,-6.261397,Bar
2,276,Charming Noodles,0.9775200662686737,7.9,53.35561,-6.261397,Chinese Restaurant
3,277,The Big Romance,0.9866034448284727,7.5,53.35561,-6.261397,Cocktail Bar
4,278,La Pausa Caffe,0.9768059641806393,9.0,53.35561,-6.261397,Café
5,283,Hill 16 Bar,0.9648376131851809,,53.35561,-6.261397,Pub
6,292,Wood Fire Cafe,0.9695221228826874,,53.35561,-6.261397,Italian Restaurant
7,319,Fibber Magees,0.9774058099345883,7.7,53.35561,-6.261397,Night Club
8,352,The Living Room,0.9912593904424577,7.8,53.35561,-6.261397,Sports Bar
9,354,Murray's Bar & Grill,0.9974292324830758,8.1,53.35561,-6.261397,Pub
0,74,Subway,0.32894398583221457,5.5,53.343897,-6.29706,Deli
1,109,Insomnia,0.9428718329572395,,53.343897,-6.29706,Coffee Shop
2,156,Murrays Pub and Lounge,,,53.343897,-6.29706,Arts and Entertainment
3,158,Cooper’s Corner,0.9662372532777286,,53.343897,-6.29706,Pub
4,235,Kennys (James's St.),,,53.343897,-6.29706,Bar
5,252,Mount Brown Bus Stop,0.3967836841954926,,53.343897,-6.29706,Bus Stop
6,264,Runcible Spoon Theatre Company,,,53.343897,-6.29706,Music Venue
7,361,Savage Street Food / The Flying Dog,0.9523551086863378,,53.343897,-6.29706,Food Truck
8,401,Offbeat Donut Co,0.2785283784169785,,53.343897,-6.29706,Donut Shop
9,403,Butlers Chocolate Cafe,,,53.343897,-6.29706,"Cafe, Coffee, and Tea House"
0,199,C0Pland,0.9502984946727985,,53.346985,-6.297804,Beer Garden
1,224,Romayo's,0.9147076466051587,,53.346985,-6.297804,Diner
2,247,Insomnia,0.9428718329572395,,53.346985,-6.297804,Coffee Shop
3,264,Ryan's Bar,,,53.346985,-6.297804,Sports Bar
4,268,Subway,0.9513268016795681,,53.346985,-6.297804,Deli
5,273,Nancy Hands Bar & Restaurant,0.9879745208374989,7.6,53.346985,-6.297804,Pub
6,277,The Natural Bakery,0.7334685366620012,,53.346985,-6.297804,Bakery
7,279,Subway,0.32894398583221457,5.5,53.346985,-6.297804,Deli
8,287,The Sandwich Market,0.603787597474935,,53.346985,-6.297804,Sandwich Spot
9,291,Ryan's,0.9549544402867834,8.4,53.346985,-6.297804,Bar
0,302,McGowan's,0.9494987003341998,6.8,53.355954,-6.278378,Pub
1,335,Dublin Bus Stop No. 190,0.8869719215058984,,53.355954,-6.278378,Bus Stop
2,439,Cumiskeys,0.9732925819075094,,53.355954,-6.278378,Real Estate Service
3,449,The Back Page,0.9669227912822417,8.7,53.355954,-6.278378,Arts and Entertainment
4,451,Kale + Coco,0.9249335885058128,,53.355954,-6.278378,Vegan and Vegetarian Restaurant
5,540,Ramen Co,0.9547830557856551,,53.355954,-6.278378,Ramen Restaurant
6,542,The Little Cactus,0.9357879402439373,,53.355954,-6.278378,Café
7,545,Kerala Kitchen,0.9853751892370534,,53.355954,-6.278378,Indian Restaurant
8,573,Kavanagh's,0.9373589648376132,,53.355954,-6.278378,Pub
9,577,Hyne's,0.9796052443657345,,53.355954,-6.278378,Pub
0,112,KC Peaches,0.9749492987517495,6.6,53.337824,-6.256035,Coffee Shop
1,135,O'Donoghue's,0.9906309806049873,8.6,53.337824,-6.256035,Pub
2,364,Cafe En Seine,0.9826901653860436,7.8,53.337824,-6.256035,Night Club
3,392,The Well,0.9883744180067983,6.8,53.337824,-6.256035,Bar
4,417,The Rolling Donut,0.9936302093747322,8.0,53.337824,-6.256035,Bagel Shop
5,424,The Ivy Dublin,0.9868890856636865,8.3,53.337824,-6.256035,English Restaurant
6,432,Kehoe's,0.9832614470564712,8.6,53.337824,-6.256035,Lounge
7,457,Bunsen,0.9853180610700105,8.9,53.337824,-6.256035,Burger Joint
8,472,Carluccio's,0.9774343740181096,8.1,53.337824,-6.256035,Italian Restaurant
9,490,Coffeeangel,0.9888314433431403,9.0,53.337824,-6.256035,Coffee Shop
0,194,Insomnia,0.9428718329572395,,53.346603,-6.296924,Coffee Shop
1,205,Romayo's,0.9147076466051587,,53.346603,-6.296924,Diner
2,241,Subway,0.32894398583221457,5.5,53.346603,-6.296924,Deli
3,249,Nancy Hands Bar & Restaurant,0.9879745208374989,7.6,53.346603,-6.296924,Pub
4,249,Subway,0.9513268016795681,,53.346603,-6.296924,Deli
5,260,The Sandwich Market,0.603787597474935,,53.346603,-6.296924,Sandwich Spot
6,262,Ryan's,0.9549544402867834,8.4,53.346603,-6.296924,Bar
7,271,C0Pland,0.9502984946727985,,53.346603,-6.296924,Beer Garden
8,274,Cafe Togo,0.45973892427661456,5.0,53.346603,-6.296924,Bar
9,282,Offbeat Donut Co,0.2785283784169785,,53.346603,-6.296924,Donut Shop
0,124,O'reilly's Bar & Restaurant,0.9894312890970893,7.5,53.345922,-6.254614,Pub
1,139,Shoe Lane Coffee,0.9894598531806107,9.0,53.345922,-6.254614,Café
2,167,Chaplins Bar,0.987003341997772,6.2,53.345922,-6.254614,Bar
3,191,Doyles Pub,0.9905452883544231,7.4,53.345922,-6.254614,Pub
4,233,Bread 41,0.989631237681739,8.2,53.345922,-6.254614,Bakery
5,262,J. R. Mahon's,0.9930589277043046,,53.345922,-6.254614,Pub
6,280,River Bar,0.9954011825530578,6.7,53.345922,-6.254614,Pub
7,296,Cassidy's Bar,0.9977434374018109,8.9,53.345922,-6.254614,Pub
8,330,The Palace Bar,0.9960295923905281,8.8,53.345922,-6.254614,Lounge
9,350,41 Bus Stop,0.9887457510925762,,53.345922,-6.254614,Bus Stop
0,203,Two Boys Brew,0.9508126481761833,8.1,53.359246,-6.269779,Café
1,238,The Back Page,0.9669227912822417,8.7,53.359246,-6.269779,Arts and Entertainment
2,245,Kennedy's,0.897826273244023,,53.359246,-6.269779,Café
3,304,Kung Fu Buffet,0.5638835727955669,,53.359246,-6.269779,Cantonese Restaurant
4,304,Clement & Pekoe,0.9435573709617527,,53.359246,-6.269779,Café
5,383,McDonald's,0.961010025993316,6.3,53.359246,-6.269779,Burger Joint
6,398,McGowan's,0.9494987003341998,6.8,53.359246,-6.269779,Pub
7,414,Eddie Rocket's,0.9635807935102402,6.3,53.359246,-6.269779,Burger Joint
8,414,KFC,0.9003399125939044,,53.359246,-6.269779,Fast Food Restaurant
9,432,Wood Fire Cafe,0.9695221228826874,,53.359246,-6.269779,Italian Restaurant
0,36,Lower Deck The,0.9586677711445628,6.3,53.330362,-6.265163,Karaoke Bar
1,64,J O'Connell,0.9701790968036791,8.5,53.330362,-6.265163,Pub
2,72,Grove Road,0.9765774515124682,8.5,53.330362,-6.265163,Café
3,73,The Portobello,0.9605244365734525,6.0,53.330362,-6.265163,Pub
4,90,Richmond,0.9479562398240452,8.6,53.330362,-6.265163,Restaurant
5,141,Doolally,0.9702076608872005,8.1,53.330362,-6.265163,Indian Restaurant
6,141,31 Lennox,0.9374732211716987,,53.330362,-6.265163,Café
7,205,Aoki Sushi,0.9404438858579223,7.8,53.330362,-6.265163,Sushi Restaurant
8,258,Brother Hubbard South,0.9820331914650519,8.9,53.330362,-6.265163,Café
9,283,Asahi Asian Street Food,0.9594390013996401,7.9,53.330362,-6.265163,Asian Restaurant
0,88,Mosh Burger Co.,0.1582735867919678,,53.359967,-6.264828,Burger Joint
1,116,Kung Fu Kitchen,0.4406581164843326,,53.359967,-6.264828,Chinese Restaurant
2,127,Koffee + Kale,0.9610385900768373,,53.359967,-6.264828,Coffee Shop
3,237,Auld Triangle The,0.972207146733697,,53.359967,-6.264828,Lounge
4,241,Sugarloaf Bakery,0.9720643263160902,,53.359967,-6.264828,Bakery
5,256,Dublin Bus Stop No 15,0.17392670456168413,,53.359967,-6.264828,Bus Stop
6,258,The Big Tree,0.9592676168985118,6.3,53.359967,-6.264828,Pub
7,268,Wasabi Bar & Grill,0.9675226370361907,,53.359967,-6.264828,Brazilian Restaurant
8,276,Dublin BUS Stop 49,0.3319146505184381,,53.359967,-6.264828,Bus Stop
9,291,The Temple Kavanaghs Pub,0.9639235625124968,,53.359967,-6.264828,Pub
0,30,Clement & Pekoe,0.9435573709617527,,53.356769,-6.26814,Café
1,173,Wood Fire Cafe,0.9695221228826874,,53.356769,-6.26814,Italian Restaurant
2,188,La Pausa Caffe,0.9768059641806393,9.0,53.356769,-6.26814,Café
3,359,Cumiskeys,0.9732925819075094,,53.356769,-6.26814,Real Estate Service
4,388,The Back Page,0.9669227912822417,8.7,53.356769,-6.26814,Arts and Entertainment
5,471,Mr Fox Restaurant,0.988802879259619,8.2,53.356769,-6.26814,Restaurant
6,496,Two Boys Brew,0.9508126481761833,8.1,53.356769,-6.26814,Café
7,506,Koffee + Kale,0.9610385900768373,,53.356769,-6.26814,Coffee Shop
8,534,Auld Triangle The,0.972207146733697,,53.356769,-6.26814,Lounge
9,535,Kings Inn,0.9737496072438516,7.7,53.356769,-6.26814,Bar
0,22,Open Gate Brewery,0.9618098203319146,8.5,53.343456,-6.287409,Brewery
1,79,Groundstate Coffee,0.9783769887743152,8.2,53.343456,-6.287409,Café
2,112,St. James’s Gate Brewery,0.9759204775914765,,53.343456,-6.287409,Brewery
3,118,Roe & Co Distillery,0.9840612413950698,7.9,53.343456,-6.287409,Distillery
4,118,Power House Bar,0.8973406838241595,,53.343456,-6.287409,Cocktail Bar
5,121,The Old Harbour,0.8861435630837785,,53.343456,-6.287409,Pub
6,125,Harkins Bar,0.9698077637179011,7.4,53.343456,-6.287409,Bar
7,164,Pearse Lyons Distillery,0.9640378188465824,,53.343456,-6.287409,Distillery
8,175,"Gravity Bar, Guinness Factory",0.9993715901625296,8.7,53.343456,-6.287409,Bar
9,177,Cooperage Cafe,0.967694021537319,6.7,53.343456,-6.287409,Café
0,76,El Grito Mexican Taqueria,0.9782627324402297,8.7,53.356717,-6.256359,Mexican Restaurant
1,201,Savoy Take Away,0.9442143448827445,,53.356717,-6.256359,Fast Food Restaurant
2,217,Hill 16 Bar,0.9648376131851809,,53.356717,-6.256359,Pub
3,297,One Society,0.9738638635779371,7.6,53.356717,-6.256359,Café
4,354,Charming Noodles,0.9775200662686737,7.9,53.356717,-6.256359,Chinese Restaurant
5,422,The Big Romance,0.9866034448284727,7.5,53.356717,-6.256359,Cocktail Bar
6,432,147 Deli,0.9768345282641606,9.4,53.356717,-6.256359,Café
7,470,MeMa's,0.9803479105372904,,53.356717,-6.256359,Bar
8,484,Bridge Tavern,0.9730069410722957,,53.356717,-6.256359,Pub
9,520,Fibber Magees,0.9774058099345883,7.7,53.356717,-6.256359,Night Club
0,216,O'Donoghue's,0.9906309806049873,8.6,53.339764,-6.251988,Pub
1,225,The Gallery Café,0.9814619097946242,8.4,53.339764,-6.251988,Café
2,244,KC Peaches,0.9749492987517495,6.6,53.339764,-6.251988,Coffee Shop
3,274,Kennedy's,0.971607300979748,7.6,53.339764,-6.251988,Lounge
4,282,The Ginger Man,0.9693793024650804,8.0,53.339764,-6.251988,Lounge
5,289,Coffeeangel,0.9888314433431403,9.0,53.339764,-6.251988,Coffee Shop
6,308,Note,0.9628666914222057,,53.339764,-6.251988,Wine Bar
7,445,The Ivy Dublin,0.9868890856636865,8.3,53.339764,-6.251988,English Restaurant
8,457,Cafe En Seine,0.9826901653860436,7.8,53.339764,-6.251988,Night Club
9,480,KC Peaches,0.9924019537833129,7.0,53.339764,-6.251988,Restaurant
0,56,MV Cill Airne,0.9708646348081922,7.6,53.34744,-6.238523,Bar
1,151,Boca Coffee,0.9496700848353281,6.7,53.34744,-6.238523,Coffee Shop
2,163,The Diving Bell,0.9819474992144877,6.4,53.34744,-6.238523,Government Building
3,322,The Marker Rooftop Bar,0.8918278157045331,8.4,53.34744,-6.238523,Hotel Bar
4,339,SPROUT Kitchen,0.9489845468308149,,53.34744,-6.238523,Salad Restaurant
5,339,The South Strand (JD Wetherspoon),0.9860892913250878,,53.34744,-6.238523,Pub
6,350,Caffè Nero,0.9047102173726757,6.5,53.34744,-6.238523,Café
7,353,J2 Grill & Sushi,0.9374446570881774,8.0,53.34744,-6.238523,Sushi Restaurant
8,361,Milano,0.9683509954583107,6.8,53.34744,-6.238523,Pizzeria
9,363,The Brasserie at the Marker Hotel restaurant,0.9454426004741638,,53.34744,-6.238523,Modern European Restaurant
0,104,La Pausa Caffe,0.9768059641806393,9.0,53.355473,-6.264423,Café
1,117,Wood Fire Cafe,0.9695221228826874,,53.355473,-6.264423,Italian Restaurant
2,368,MeMa's,0.9803479105372904,,53.355473,-6.264423,Bar
3,382,147 Deli,0.9768345282641606,9.4,53.355473,-6.264423,Café
4,386,The Parnell Heritage Pub & Grill,0.9830614984718216,7.5,53.355473,-6.264423,Bar
5,393,Fibber Magees,0.9774058099345883,7.7,53.355473,-6.264423,Night Club
6,399,Murray's Bar & Grill,0.9974292324830758,8.1,53.355473,-6.264423,Pub
7,401,The Big Romance,0.9866034448284727,7.5,53.355473,-6.264423,Cocktail Bar
8,421,The Living Room,0.9912593904424577,7.8,53.355473,-6.264423,Sports Bar
9,430,Kingfisher Restaurant,0.9851466765688823,8.3,53.355473,-6.264423,Diner
0,55,Chesterfields Brasserie,0.4166642863263732,,53.347972,-6.291804,Restaurant
1,90,P. Duggan's,0.9764346310948613,,53.347972,-6.291804,Pub
2,130,Airlink 747 Heuston Station to Dublin Airport,0.6457196720843211,,53.347972,-6.291804,Bus Stop
3,131,Ryan's,0.9549544402867834,8.4,53.347972,-6.291804,Bar
4,139,The Sandwich Market,0.603787597474935,,53.347972,-6.291804,Sandwich Spot
5,147,The Galway Hooker,0.9788625781941787,5.3,53.347972,-6.291804,Bar
6,155,Nancy Hands Bar & Restaurant,0.9879745208374989,7.6,53.347972,-6.291804,Pub
7,163,90 Bus Stop,0.4609957439515553,,53.347972,-6.291804,Bus Stop
8,172,Subway,0.9513268016795681,,53.347972,-6.291804,Deli
9,173,Cafe Togo,0.45973892427661456,5.0,53.347972,-6.291804,Bar
0,33,Beer Temple Dublin,0.9950584135508013,,53.344007,-6.266802,Beer Bar
1,67,Street 66,0.9918021080293639,7.5,53.344007,-6.266802,Gay Bar
2,126,Lundy Foots,0.9750921191693565,6.8,53.344007,-6.266802,Pub
3,136,The Porterhouse,0.995943900139964,9.2,53.344007,-6.266802,Pub
4,138,Bad Bobs Temple Bar,0.9885172384244052,8.3,53.344007,-6.266802,Night Club
5,146,The George,0.994744208632066,8.2,53.344007,-6.266802,Night Club
6,204,Yamamori Noodles,0.9818618069639236,8.1,53.344007,-6.266802,Japanese Restaurant
7,215,The Trinity,0.9920306206975349,7.5,53.344007,-6.266802,Pub
8,217,The Stag's Head,0.9956296952212288,9.1,53.344007,-6.266802,Beer Bar
9,224,Foggy Dew,0.9938015938758605,7.9,53.344007,-6.266802,Pub
0,56,The Galway Hooker,0.9788625781941787,5.3,53.347106,-6.292041,Bar
1,81,Street Kitchen,0.908052215144677,,53.347106,-6.292041,Burrito Restaurant
2,89,Offbeat Donut Co,0.2785283784169785,,53.347106,-6.292041,Donut Shop
3,109,Chesterfields Brasserie,0.4166642863263732,,53.347106,-6.292041,Restaurant
4,133,P. Duggan's,0.9764346310948613,,53.347106,-6.292041,Pub
5,155,Ryan's,0.9549544402867834,8.4,53.347106,-6.292041,Bar
6,178,Nancy Hands Bar & Restaurant,0.9879745208374989,7.6,53.347106,-6.292041,Pub
7,199,Subway,0.9513268016795681,,53.347106,-6.292041,Deli
8,212,Romayo's,0.9147076466051587,,53.347106,-6.292041,Diner
9,396,Insomnia,0.9428718329572395,,53.347106,-6.292041,Coffee Shop
0,37,The Living Room,0.9912593904424577,7.8,53.352149,-6.260533,Sports Bar
1,56,Murray's Bar & Grill,0.9974292324830758,8.1,53.352149,-6.260533,Pub
2,77,Madigan's,0.9932017481219115,8.4,53.352149,-6.260533,Pub
3,91,Writers Lounge,0.9894884172641321,,53.352149,-6.260533,Lounge
4,104,The Parnell Heritage Pub & Grill,0.9830614984718216,7.5,53.352149,-6.260533,Bar
5,139,Big Bus Tours Dublin,0.9971721557313834,,53.352149,-6.260533,Tour Provider
6,148,147 Deli,0.9768345282641606,9.4,53.352149,-6.260533,Café
7,155,The Big Romance,0.9866034448284727,7.5,53.352149,-6.260533,Cocktail Bar
8,189,Kingfisher Restaurant,0.9851466765688823,8.3,53.352149,-6.260533,Diner
9,200,Flanagans Restaurant,0.9969722071467337,7.2,53.352149,-6.260533,Restaurant
0,92,Windjammer Bar The,0.9657802279413865,6.5,53.345203,-6.247163,Lounge
1,217,Cloud Picker,0.9731497614899026,8.0,53.345203,-6.247163,Coffee Shop
2,298,Bread 41,0.989631237681739,8.2,53.345203,-6.247163,Bakery
3,392,Steam,0.9767774000971179,,53.345203,-6.247163,Coffee Shop
4,404,The Ginger Man,0.9693793024650804,8.0,53.345203,-6.247163,Lounge
5,415,Kennedy's,0.971607300979748,7.6,53.345203,-6.247163,Lounge
6,419,Note,0.9628666914222057,,53.345203,-6.247163,Wine Bar
7,499,O'reilly's Bar & Restaurant,0.9894312890970893,7.5,53.345203,-6.247163,Pub
8,521,The Gallery Café,0.9814619097946242,8.4,53.345203,-6.247163,Café
9,567,Shoe Lane Coffee,0.9894598531806107,9.0,53.345203,-6.247163,Café
0,231,Graingers,0.9804621668713759,6.5,53.353331,-6.249319,Pub
1,234,The Five Lamps,0.990231083435688,6.3,53.353331,-6.249319,Bar
2,257,"Laine, My Love.",0.9575823359707504,8.6,53.353331,-6.249319,Café
3,288,IL Capo Italian Pizza & Pasta,0.9680939187066183,8.6,53.353331,-6.249319,Pizzeria
4,380,The Brew Dock,0.9963723613927847,8.4,53.353331,-6.249319,Bar
5,396,Harbour Master Bar & Restaurant,0.9718929418149619,5.9,53.353331,-6.249319,Arts and Entertainment
6,442,Bridge Tavern,0.9730069410722957,,53.353331,-6.249319,Pub
7,487,One Society,0.9738638635779371,7.6,53.353331,-6.249319,Café
8,498,Celt Dublin,0.9949155931331943,8.5,53.353331,-6.249319,Pub
9,548,Drunken Fish,0.9775771944357166,7.6,53.353331,-6.249319,Bar
0,100,Broyage Bar & Bistro,,,53.338776,-6.30395,Restaurant
1,219,Carrigans,0.6483761318518095,,53.338776,-6.30395,Lounge
2,265,bus stop Hybresal,0.8204176069010826,,53.338776,-6.30395,Bus Stop
3,303,Lady's Lane,0.6735982176011883,,53.338776,-6.30395,Beer Garden
4,320,Old Royal Oak,0.9652375103544802,8.2,53.338776,-6.30395,Bar
5,322,Urban8,0.9848610357336685,,53.338776,-6.30395,Pub
6,330,Vengabus,,,53.338776,-6.30395,Arts and Entertainment
7,330,Cakesbymarion,,,53.338776,-6.30395,Bakery
8,375,The Rialto Bridge Cafe,0.9226484618241024,,53.338776,-6.30395,Café
9,383,Latino Italian Restaurant,,,53.338776,-6.30395,Restaurant
0,64,Dubliniamo,,,53.359157,-6.281866,Tour Provider
1,243,Clarkes Bakery,0.9325601988060213,8.3,53.359157,-6.281866,Bakery
2,298,Dutchess Foods,0.3912993801593876,,53.359157,-6.281866,Bakery
3,301,Rainbow,0.7249278756891085,,53.359157,-6.281866,Chinese Restaurant
4,307,Roosters Piri Piri,0.2445942471935788,,53.359157,-6.281866,Restaurant
5,378,Pizza Max,0.9175640549572966,,53.359157,-6.281866,Pizzeria
6,391,Peanut World,0.6328087063326573,,53.359157,-6.281866,Snack Place
7,504,Hanlons bar and Restaurant,0.9976006169842041,,53.359157,-6.281866,Pub
8,515,Niamhs Favourite Bus Stop,0.8142477648604645,,53.359157,-6.281866,Bus Stop
9,554,Nagoya,0.6501471050301351,,53.359157,-6.281866,Asian Restaurant
0,80,Starbucks,0.9922305692821846,7.0,53.349013,-6.260311,Coffee Shop
1,108,Starbucks,0.9820046273815305,7.5,53.349013,-6.260311,Coffee Shop
2,119,Gino's Gelato,0.9940872347110743,8.4,53.349013,-6.260311,Gelato Shop
3,129,McDonald's,0.995344054386015,5.8,53.349013,-6.260311,Burger Joint
4,142,Beshoff Fish And Chips,0.9983432831557599,6.5,53.349013,-6.260311,Fish and Chips Shop
5,148,Flanagans Restaurant,0.9969722071467337,7.2,53.349013,-6.260311,Restaurant
6,164,Pipers Corner,0.9912879545259791,7.1,53.349013,-6.260311,Pub
7,176,Xi'an Street Food,0.9936016452912109,,53.349013,-6.260311,Chinese Restaurant
8,186,O'Connells,0.9890885200948327,7.6,53.349013,-6.260311,Pub
9,209,Big Bus Tours Dublin,0.9971721557313834,,53.349013,-6.260311,Tour Provider
0,116,Auld Triangle The,0.972207146733697,,53.358437,-6.260641,Lounge
1,145,Botanicals,0.9511554171784399,,53.358437,-6.260641,Restaurant
2,160,The Big Tree,0.9592676168985118,6.3,53.358437,-6.260641,Pub
3,180,Wasabi Bar & Grill,0.9675226370361907,,53.358437,-6.260641,Brazilian Restaurant
4,220,The Temple Kavanaghs Pub,0.9639235625124968,,53.358437,-6.260641,Pub
5,237,Koffee + Kale,0.9610385900768373,,53.358437,-6.260641,Coffee Shop
6,291,El Grito Mexican Taqueria,0.9782627324402297,8.7,53.358437,-6.260641,Mexican Restaurant
7,297,Koffee + Kale,0.9455854208917707,6.5,53.358437,-6.260641,Coffee Shop
8,379,Le Petit Breton,0.9680367905395756,8.0,53.358437,-6.260641,Creperie
9,396,Savoy Take Away,0.9442143448827445,,53.358437,-6.260641,Fast Food Restaurant
0,308,Toners Pub,0.9709788911422776,8.2,53.335211,-6.2509,Beer Bar
1,379,The Sugar Club,0.9480419320746094,8.5,53.335211,-6.2509,Night Club
2,407,O'Donoghue's,0.9906309806049873,8.6,53.335211,-6.2509,Pub
3,424,Hugo's,0.9299894312890971,7.8,53.335211,-6.2509,French Restaurant
4,437,M O'Briens Full Bar And Lounge,0.9701219686366362,8.2,53.335211,-6.2509,Pub
5,439,Angelina's,0.9421006027021623,7.4,53.335211,-6.2509,Italian Restaurant
6,484,KC Peaches,0.9749492987517495,6.6,53.335211,-6.2509,Coffee Shop
7,557,Godfather’s Pizza,0.983175754805907,,53.335211,-6.2509,Pizzeria
8,561,Starbucks,0.9494130080836356,7.7,53.335211,-6.2509,Coffee Shop
9,568,Searson's,0.9847753434831044,8.0,53.335211,-6.2509,Pub
0,112,Third Floor Espresso (3FE),0.9928304150361336,9.0,53.339629,-6.243778,Public and Social Service
1,118,The Storyteller,0.9394155788511526,,53.339629,-6.243778,Pub
2,119,Art Of Coffee,0.9324173783884144,,53.339629,-6.243778,Coffee Shop
3,144,Füdi,0.9140221086006456,6.1,53.339629,-6.243778,Café
4,367,Note,0.9628666914222057,,53.339629,-6.243778,Wine Bar
5,376,"The Schoolhouse Hotel, Ballsbridge, Dublin 4",0.9590676683138621,8.4,53.339629,-6.243778,Pub
6,436,Steam,0.9767774000971179,,53.339629,-6.243778,Coffee Shop
7,455,The Gasworks Bar,0.9876317518352423,6.4,53.339629,-6.243778,Bar
8,456,The Pig & Heifer,0.9860607272415665,7.6,53.339629,-6.243778,Café
9,457,The Ginger Man,0.9693793024650804,8.0,53.339629,-6.243778,Lounge
0,278,Cooper’s Corner,0.9662372532777286,,53.341359,-6.292951,Pub
1,286,J.K. Stoutmans,0.9286754834471136,,53.341359,-6.292951,Arts and Entertainment
2,304,Pearse Lyons Distillery,0.9640378188465824,,53.341359,-6.292951,Distillery
3,314,The Old Harbour,0.8861435630837785,,53.341359,-6.292951,Pub
4,336,Harkins Bar,0.9698077637179011,7.4,53.341359,-6.292951,Bar
5,353,St. James’s Gate Brewery,0.9759204775914765,,53.341359,-6.292951,Brewery
6,360,Groundstate Coffee,0.9783769887743152,8.2,53.341359,-6.292951,Café
7,413,Cooperage Cafe,0.967694021537319,6.7,53.341359,-6.292951,Café
8,415,Connoisseur Bar,0.994515695963895,8.4,53.341359,-6.292951,Bar
9,416,Guinness Storehouse,0.9999428718329573,9.0,53.341359,-6.292951,Brewery
0,229,Charlemont Bar & Bistro,0.9908594932731584,6.2,53.332763,-6.257942,Hotel Bar
1,305,The Barge,0.9843183181467623,8.1,53.332763,-6.257942,Lounge
2,323,Dax Restaurant,0.9565540289639807,7.8,53.332763,-6.257942,French Restaurant
3,328,The Sugar Club,0.9480419320746094,8.5,53.332763,-6.257942,Night Club
4,329,Odeon,0.9822902682167443,6.6,53.332763,-6.257942,Cocktail Bar
5,364,One Kinda Folk,0.9684938158759177,8.0,53.332763,-6.257942,Coffee Shop
6,453,M O'Briens Full Bar And Lounge,0.9701219686366362,8.2,53.332763,-6.257942,Pub
7,464,Sophie's Dublin,0.9811477048758891,8.8,53.332763,-6.257942,Restaurant
8,467,Doolally,0.9702076608872005,8.1,53.332763,-6.257942,Indian Restaurant
9,470,The Bleeding Horse,0.9893455968465252,7.5,53.332763,-6.257942,Lounge
0,172,The Black Sheep,0.9845753948984547,8.7,53.351182,-6.269859,Bar
1,219,Woolshed Baa & Grill,0.9900596989345597,7.5,53.351182,-6.269859,Sports Bar
2,315,Bullet Duck And Dumplings,0.9676083292867549,,53.351182,-6.269859,Chinese Restaurant
3,328,Slattery's,0.9900882630180811,7.9,53.351182,-6.269859,Pub
4,332,Bonobo,0.9938872861264246,8.5,53.351182,-6.269859,Bar
5,354,The Church,0.9956011311377074,8.5,53.351182,-6.269859,Restaurant
6,375,Butlers Chocolate Café,0.9696935073838155,7.4,53.351182,-6.269859,Café
7,388,McNeills,0.9868319574966438,8.6,53.351182,-6.269859,Pub
8,440,Kingfisher Restaurant,0.9851466765688823,8.3,53.351182,-6.269859,Diner
9,440,The Boars Head,0.984746779399583,6.7,53.351182,-6.269859,Pub
0,34,The Church,0.9956011311377074,8.5,53.3483,-6.266651,Restaurant
1,87,Butlers Chocolate Café,0.9696935073838155,7.4,53.3483,-6.266651,Café
2,91,T.P. Smiths,0.9796623725327773,5.8,53.3483,-6.266651,Pub
3,96,Insomnia,0.9916021594447142,6.9,53.3483,-6.266651,Coffee Shop
4,141,McNeills,0.9868319574966438,8.6,53.3483,-6.266651,Pub
5,150,Slattery's,0.9900882630180811,7.9,53.3483,-6.266651,Pub
6,151,Lemon Jelly Cafe,0.9759490416749979,8.2,53.3483,-6.266651,Café
7,159,The Boars Head,0.984746779399583,6.7,53.3483,-6.266651,Pub
8,170,Takara,0.9773486817675455,7.9,53.3483,-6.266651,Japanese Restaurant
9,172,Brother Hubbard,0.9766060155959896,9.1,53.3483,-6.266651,Café
0,104,The Porterhouse,0.995943900139964,9.2,53.346057,-6.268001,Pub
1,122,Brother Hubbard,0.9766060155959896,9.1,53.346057,-6.268001,Café
2,126,Lundy Foots,0.9750921191693565,6.8,53.346057,-6.268001,Pub
3,142,The Boars Head,0.984746779399583,6.7,53.346057,-6.268001,Pub
4,171,Bad Bobs Temple Bar,0.9885172384244052,8.3,53.346057,-6.268001,Night Club
5,178,Street 66,0.9918021080293639,7.5,53.346057,-6.268001,Gay Bar
6,193,McNeills,0.9868319574966438,8.6,53.346057,-6.268001,Pub
7,204,T.P. Smiths,0.9796623725327773,5.8,53.346057,-6.268001,Pub
8,213,Beer Temple Dublin,0.9950584135508013,,53.346057,-6.268001,Beer Bar
9,214,Lemon Jelly Cafe,0.9759490416749979,8.2,53.346057,-6.268001,Café
0,306,Kale + Coco,0.9249335885058128,,53.354663,-6.278681,Vegan and Vegetarian Restaurant
1,344,Dublin Bus Stop No. 190,0.8869719215058984,,53.354663,-6.278681,Bus Stop
2,384,McGowan's,0.9494987003341998,6.8,53.354663,-6.278681,Pub
3,433,Cumiskeys,0.9732925819075094,,53.354663,-6.278681,Real Estate Service
4,435,Kerala Kitchen,0.9853751892370534,,53.354663,-6.278681,Indian Restaurant
5,455,Ramen Co,0.9547830557856551,,53.354663,-6.278681,Ramen Restaurant
6,463,V-Face,0.963409409009112,,53.354663,-6.278681,Vegan and Vegetarian Restaurant
7,469,Grano,0.9741209403296295,8.1,53.354663,-6.278681,Italian Restaurant
8,473,The Little Cactus,0.9357879402439373,,53.354663,-6.278681,Café
9,474,Slice,0.9616669999143077,8.4,53.354663,-6.278681,Restaurant
0,178,El Grito Mexican Taqueria,0.9782627324402297,8.7,53.356299,-6.258586,Mexican Restaurant
1,182,Hill 16 Bar,0.9648376131851809,,53.356299,-6.258586,Pub
2,277,Charming Noodles,0.9775200662686737,7.9,53.356299,-6.258586,Chinese Restaurant
3,284,One Society,0.9738638635779371,7.6,53.356299,-6.258586,Café
4,328,The Big Romance,0.9866034448284727,7.5,53.356299,-6.258586,Cocktail Bar
5,331,147 Deli,0.9768345282641606,9.4,53.356299,-6.258586,Café
6,336,Savoy Take Away,0.9442143448827445,,53.356299,-6.258586,Fast Food Restaurant
7,361,MeMa's,0.9803479105372904,,53.356299,-6.258586,Bar
8,365,Enzo's Take Way,0.9800622697020767,,53.356299,-6.258586,Fast Food Restaurant
9,389,Auld Triangle The,0.972207146733697,,53.356299,-6.258586,Lounge
0,42,Suesey Street,0.9516695706818247,7.2,53.332383,-6.252717,Wine Bar
1,142,M O'Briens Full Bar And Lounge,0.9701219686366362,8.2,53.332383,-6.252717,Pub
2,145,Starbucks,0.9678939701219686,7.6,53.332383,-6.252717,Coffee Shop
3,256,House Dublin,0.9711217115598846,8.1,53.332383,-6.252717,Cocktail Bar
4,267,Godfather’s Pizza,0.983175754805907,,53.332383,-6.252717,Pizzeria
5,286,Dax Restaurant,0.9565540289639807,7.8,53.332383,-6.252717,French Restaurant
6,354,B Bar,0.9772058613499386,7.7,53.332383,-6.252717,Hotel Bar
7,440,The Sugar Club,0.9480419320746094,8.5,53.332383,-6.252717,Night Club
8,465,Charlemont Bar & Bistro,0.9908594932731584,6.2,53.332383,-6.252717,Hotel Bar
9,486,One Kinda Folk,0.9684938158759177,8.0,53.332383,-6.252717,Coffee Shop
0,49,Urban8,0.9848610357336685,,53.340714,-6.308191,Pub
1,50,Newland Chinese,0.8670056271244537,,53.340714,-6.308191,Chinese Restaurant
2,52,Dublin Bus Stop No 1992,0.8918563797880545,,53.340714,-6.308191,Bus Stop
3,90,Dublin Bus Stop No 1945,0.026735982176011884,,53.340714,-6.308191,Bus Stop
4,90,Donoghues,0.5354051815247508,,53.340714,-6.308191,Pub
5,110,Brambles Deli Cafe,0.21128852580764945,,53.340714,-6.308191,Café
6,114,The Patriots Inn,0.9683224313747893,6.8,53.340714,-6.308191,Karaoke Bar
7,122,Lady's Lane,0.6735982176011883,,53.340714,-6.308191,Beer Garden
8,152,Good Luck Chinese Take Away,0.11682710160244508,,53.340714,-6.308191,Chinese Restaurant
9,160,bus stop Hybresal,0.8204176069010826,,53.340714,-6.308191,Bus Stop
0,58,P. Duggan's,0.9764346310948613,,53.347802,-6.292432,Pub
1,93,Ryan's,0.9549544402867834,8.4,53.347802,-6.292432,Bar
2,96,Chesterfields Brasserie,0.4166642863263732,,53.347802,-6.292432,Restaurant
3,103,The Sandwich Market,0.603787597474935,,53.347802,-6.292432,Sandwich Spot
4,115,Airlink 747 Heuston Station to Dublin Airport,0.6457196720843211,,53.347802,-6.292432,Bus Stop
5,118,Nancy Hands Bar & Restaurant,0.9879745208374989,7.6,53.347802,-6.292432,Pub
6,118,The Galway Hooker,0.9788625781941787,5.3,53.347802,-6.292432,Bar
7,137,Subway,0.9513268016795681,,53.347802,-6.292432,Deli
8,143,Cafe Togo,0.45973892427661456,5.0,53.347802,-6.292432,Bar
9,147,90 Bus Stop,0.4609957439515553,,53.347802,-6.292432,Bus Stop
0,33,Coffeeangel,0.9888314433431403,9.0,53.34218,-6.254485,Coffee Shop
1,138,The Gallery Café,0.9814619097946242,8.4,53.34218,-6.254485,Café
2,191,KC Peaches,0.9924019537833129,7.0,53.34218,-6.254485,Restaurant
3,225,Costa Coffee,0.9921734411151418,6.6,53.34218,-6.254485,Café
4,252,The Ivy Dublin,0.9868890856636865,8.3,53.34218,-6.254485,English Restaurant
5,255,Kennedy's,0.971607300979748,7.6,53.34218,-6.254485,Lounge
6,261,Carluccio's,0.9774343740181096,8.1,53.34218,-6.254485,Italian Restaurant
7,315,Tapped,0.9978576937358965,,53.34218,-6.254485,Beer Bar
8,324,Cafe En Seine,0.9826901653860436,7.8,53.34218,-6.254485,Night Club
9,327,The Ginger Man,0.9693793024650804,8.0,53.34218,-6.254485,Lounge
0,155,Token,0.9740352480790654,8.7,53.3488,-6.281637,Arcade
1,162,Fish Shop - Benburb Street,0.9710645833928419,8.6,53.3488,-6.281637,Bar
2,163,Wuff,0.96709417578337,8.7,53.3488,-6.281637,Bistro
3,175,Fidelity,0.9943443114627667,,53.3488,-6.281637,Beer Bar
4,176,Light House Cinema,0.9885458025079266,9.1,53.3488,-6.281637,Indie Movie Theater
5,196,Proper Order Coffee Co.,0.9843468822302837,8.0,53.3488,-6.281637,Café
6,218,Nutbutter,0.9577251563883573,,53.3488,-6.281637,Poke Restaurant
7,228,V-Face,0.963409409009112,,53.3488,-6.281637,Vegan and Vegetarian Restaurant
8,234,Delaney's,0.9462995229798052,7.1,53.3488,-6.281637,Lounge
9,236,Generator Hostel bar,0.9752349395869634,,53.3488,-6.281637,Bar
0,56,Harry's on the Green,0.9852038047359251,6.1,53.340927,-6.262501,Cocktail Bar
1,57,Peter's Pub,0.9891456482618756,7.0,53.340927,-6.262501,Pub
2,98,The Hairy Lemon,0.9914307749435859,7.9,53.340927,-6.262501,Lounge
3,112,Bruxelles,0.9904881601873804,7.6,53.340927,-6.262501,Lounge
4,145,Grogan's Castle Lounge,0.990459596103859,8.3,53.340927,-6.262501,Lounge
5,165,Bunsen,0.9853180610700105,8.9,53.340927,-6.262501,Burger Joint
6,166,Bewley's Café & Tea Room,0.995486874803622,8.5,53.340927,-6.262501,Café
7,166,The Well,0.9883744180067983,6.8,53.340927,-6.262501,Bar
8,204,Kehoe's,0.9832614470564712,8.6,53.340927,-6.262501,Lounge
9,208,Five Guys,0.9836042160587277,7.7,53.340927,-6.262501,Burger Joint
0,316,Toners Pub,0.9709788911422776,8.2,53.336597,-6.248109,Beer Bar
1,330,Angelina's,0.9421006027021623,7.4,53.336597,-6.248109,Italian Restaurant
2,444,O'Donoghue's,0.9906309806049873,8.6,53.336597,-6.248109,Pub
3,465,Hugo's,0.9299894312890971,7.8,53.336597,-6.248109,French Restaurant
4,505,Searson's,0.9847753434831044,8.0,53.336597,-6.248109,Pub
5,527,KC Peaches,0.9749492987517495,6.6,53.336597,-6.248109,Coffee Shop
6,535,Art Of Coffee,0.9324173783884144,,53.336597,-6.248109,Coffee Shop
7,537,Third Floor Espresso (3FE),0.9928304150361336,9.0,53.336597,-6.248109,Public and Social Service
8,537,Starbucks,0.9494130080836356,7.7,53.336597,-6.248109,Coffee Shop
9,544,Note,0.9628666914222057,,53.336597,-6.248109,Wine Bar
0,267,Kingfisher Restaurant,0.9851466765688823,8.3,53.3537415547453,-6.26530144781526,Diner
1,267,The Parnell Heritage Pub & Grill,0.9830614984718216,7.5,53.3537415547453,-6.26530144781526,Bar
2,305,Murray's Bar & Grill,0.9974292324830758,8.1,53.3537415547453,-6.26530144781526,Pub
3,346,The Living Room,0.9912593904424577,7.8,53.3537415547453,-6.26530144781526,Sports Bar
4,366,147 Deli,0.9768345282641606,9.4,53.3537415547453,-6.26530144781526,Café
5,388,The Big Romance,0.9866034448284727,7.5,53.3537415547453,-6.26530144781526,Cocktail Bar
6,398,Madigan's,0.9932017481219115,8.4,53.3537415547453,-6.26530144781526,Pub
7,408,Writers Lounge,0.9894884172641321,,53.3537415547453,-6.26530144781526,Lounge
8,420,Woolshed Baa & Grill,0.9900596989345597,7.5,53.3537415547453,-6.26530144781526,Sports Bar
9,435,Tucano!,0.9975149247336399,,53.3537415547453,-6.26530144781526,Brazilian Restaurant
0,25,Foggy Dew,0.9938015938758605,7.9,53.344603,-6.263371,Pub
1,39,The Trinity,0.9920306206975349,7.5,53.344603,-6.263371,Pub
2,48,Reyna,0.9765203233454255,8.0,53.344603,-6.263371,Turkish Restaurant
3,57,Millstone Restaurant,0.9925733382844412,8.6,53.344603,-6.263371,Restaurant
4,79,The Old Storehouse,0.9951441058013654,8.8,53.344603,-6.263371,Pub
5,83,The Stag's Head,0.9956296952212288,9.1,53.344603,-6.263371,Beer Bar
6,93,The Bankers,0.988431546173841,7.7,53.344603,-6.263371,Pub
7,106,The Quays Irish Restaurant,0.9961724128081351,8.0,53.344603,-6.263371,Irish Pub
8,111,The Temple Bar,0.9997143591647862,8.8,53.344603,-6.263371,Pub
9,128,The Bank on College Green,0.9915164671941501,8.6,53.344603,-6.263371,Restaurant
0,87,Proper Order Coffee Co.,0.9843468822302837,8.0,53.347692,-6.278214,Café
1,89,Old Jameson Distillery,0.9988860007426662,8.9,53.347692,-6.278214,Tour Provider
2,92,JJ's Bar,0.9958582078893998,8.3,53.347692,-6.278214,Cocktail Bar
3,110,Urbanity Coffee,0.9921448770316205,9.3,53.347692,-6.278214,Café
4,135,Token,0.9740352480790654,8.7,53.347692,-6.278214,Arcade
5,260,Copper + Straw,0.9923448256162701,,53.347692,-6.278214,Coffee Shop
6,325,The Brazen Head,0.99917164157788,8.9,53.347692,-6.278214,Bar
7,336,V-Face,0.963409409009112,,53.347692,-6.278214,Vegan and Vegetarian Restaurant
8,382,Bonobo,0.9938872861264246,8.5,53.347692,-6.278214,Bar
9,451,Underdog,0.9991145134108372,,53.347692,-6.278214,Beer Bar
0,129,Tailors' Hall,0.9724927875689109,,53.342081,-6.275233,Beer Garden
1,142,The Thomas House,0.967465508869148,7.6,53.342081,-6.275233,Pub
2,253,Allmyfriends,0.973035505155817,,53.342081,-6.275233,Gay Bar
3,330,The Brazen Head,0.99917164157788,8.9,53.342081,-6.275233,Bar
4,360,Proof Pizza + Punch,0.9624096660858636,,53.342081,-6.275233,Pizzeria
5,425,Copper + Straw,0.9923448256162701,,53.342081,-6.275233,Coffee Shop
6,459,Bittersweet,0.9701505327201577,6.4,53.342081,-6.275233,Café
7,463,Underdog,0.9991145134108372,,53.342081,-6.275233,Beer Bar
8,486,Queen of Tarts,0.9793196035305207,9.1,53.342081,-6.275233,Bakery
9,491,Teeling Tasting Room,0.9837184723928133,8.6,53.342081,-6.275233,Distillery
